year,state,party,perc_votes
1976,Alabama,DEMOCRAT,0.55727268884473935
1977,Alabama,DEMOCRAT,0.55727268884473935
1978,Alabama,DEMOCRAT,0.55727268884473935
1979,Alabama,DEMOCRAT,0.55727268884473935
1980,Alabama,REPUBLICAN,0.4875012016284021
1981,Alabama,REPUBLICAN,0.4875012016284021
1982,Alabama,REPUBLICAN,0.4875012016284021
1983,Alabama,REPUBLICAN,0.4875012016284021
1984,Alabama,REPUBLICAN,0.6054249354760621
1985,Alabama,REPUBLICAN,0.6054249354760621
1986,Alabama,REPUBLICAN,0.6054249354760621
1987,Alabama,REPUBLICAN,0.6054249354760621
1988,Alabama,REPUBLICAN,0.5916504893810266
1989,Alabama,REPUBLICAN,0.5916504893810266
1990,Alabama,REPUBLICAN,0.5916504893810266
1991,Alabama,REPUBLICAN,0.5916504893810266
1992,Alabama,REPUBLICAN,0.4764540359939813
1993,Alabama,REPUBLICAN,0.4764540359939813
1994,Alabama,REPUBLICAN,0.4764540359939813
1995,Alabama,REPUBLICAN,0.4764540359939813
1996,Alabama,REPUBLICAN,0.5012184320516389
1997,Alabama,REPUBLICAN,0.5012184320516389
1998,Alabama,REPUBLICAN,0.5012184320516389
1999,Alabama,REPUBLICAN,0.5012184320516389
2000,Alabama,REPUBLICAN,0.5648375535326765
2001,Alabama,REPUBLICAN,0.5648375535326765
2002,Alabama,REPUBLICAN,0.5648375535326765
2003,Alabama,REPUBLICAN,0.5648375535326765
2004,Alabama,REPUBLICAN,0.6246068975770077
2005,Alabama,REPUBLICAN,0.6246068975770077
2006,Alabama,REPUBLICAN,0.6246068975770077
2007,Alabama,REPUBLICAN,0.6246068975770077
2008,Alabama,REPUBLICAN,0.603169130291706
2009,Alabama,REPUBLICAN,0.603169130291706
2010,Alabama,REPUBLICAN,0.603169130291706
2011,Alabama,REPUBLICAN,0.603169130291706
2012,Alabama,REPUBLICAN,0.6054582232982282
2013,Alabama,REPUBLICAN,0.6054582232982282
2014,Alabama,REPUBLICAN,0.6054582232982282
2015,Alabama,REPUBLICAN,0.6054582232982282
2016,Alabama,REPUBLICAN,0.6208309236440906
2017,Alabama,REPUBLICAN,0.6208309236440906
2018,Alabama,REPUBLICAN,0.6208309236440906
2019,Alabama,REPUBLICAN,0.6208309236440906
2020,Alabama,REPUBLICAN,0.620316431668648
1976,Alaska,REPUBLICAN,0.5790457539611893
1977,Alaska,REPUBLICAN,0.5790457539611893
1978,Alaska,REPUBLICAN,0.5790457539611893
1979,Alaska,REPUBLICAN,0.5790457539611893
1980,Alaska,REPUBLICAN,0.5434819653507527
1981,Alaska,REPUBLICAN,0.5434819653507527
1982,Alaska,REPUBLICAN,0.5434819653507527
1983,Alaska,REPUBLICAN,0.5434819653507527
1984,Alaska,REPUBLICAN,0.666539823221984
1985,Alaska,REPUBLICAN,0.666539823221984
1986,Alaska,REPUBLICAN,0.666539823221984
1987,Alaska,REPUBLICAN,0.666539823221984
1988,Alaska,REPUBLICAN,0.595909372563913
1989,Alaska,REPUBLICAN,0.595909372563913
1990,Alaska,REPUBLICAN,0.595909372563913
1991,Alaska,REPUBLICAN,0.595909372563913
1992,Alaska,REPUBLICAN,0.3945749808515083
1993,Alaska,REPUBLICAN,0.3945749808515083
1994,Alaska,REPUBLICAN,0.3945749808515083
1995,Alaska,REPUBLICAN,0.3945749808515083
1996,Alaska,REPUBLICAN,0.5080125817399221
1997,Alaska,REPUBLICAN,0.5080125817399221
1998,Alaska,REPUBLICAN,0.5080125817399221
1999,Alaska,REPUBLICAN,0.5080125817399221
2000,Alaska,REPUBLICAN,0.5862095531587057
2001,Alaska,REPUBLICAN,0.5862095531587057
2002,Alaska,REPUBLICAN,0.5862095531587057
2003,Alaska,REPUBLICAN,0.5862095531587057
2004,Alaska,REPUBLICAN,0.6106532991253942
2005,Alaska,REPUBLICAN,0.6106532991253942
2006,Alaska,REPUBLICAN,0.6106532991253942
2007,Alaska,REPUBLICAN,0.6106532991253942
2008,Alaska,REPUBLICAN,0.5942451953880631
2009,Alaska,REPUBLICAN,0.5942451953880631
2010,Alaska,REPUBLICAN,0.5942451953880631
2011,Alaska,REPUBLICAN,0.5942451953880631
2012,Alaska,REPUBLICAN,0.5480157739729447
2013,Alaska,REPUBLICAN,0.5480157739729447
2014,Alaska,REPUBLICAN,0.5480157739729447
2015,Alaska,REPUBLICAN,0.5480157739729447
2016,Alaska,REPUBLICAN,0.5128151207753728
2017,Alaska,REPUBLICAN,0.5128151207753728
2018,Alaska,REPUBLICAN,0.5128151207753728
2019,Alaska,REPUBLICAN,0.5128151207753728
2020,Alaska,REPUBLICAN,0.5283314327038078
1976,Arizona,REPUBLICAN,0.5636613577948053
1977,Arizona,REPUBLICAN,0.5636613577948053
1978,Arizona,REPUBLICAN,0.5636613577948053
1979,Arizona,REPUBLICAN,0.5636613577948053
1980,Arizona,REPUBLICAN,0.6060884838290739
1981,Arizona,REPUBLICAN,0.6060884838290739
1982,Arizona,REPUBLICAN,0.6060884838290739
1983,Arizona,REPUBLICAN,0.6060884838290739
1984,Arizona,REPUBLICAN,0.6642148285841561
1985,Arizona,REPUBLICAN,0.6642148285841561
1986,Arizona,REPUBLICAN,0.6642148285841561
1987,Arizona,REPUBLICAN,0.6642148285841561
1988,Arizona,REPUBLICAN,0.5995026764845679
1989,Arizona,REPUBLICAN,0.5995026764845679
1990,Arizona,REPUBLICAN,0.5995026764845679
1991,Arizona,REPUBLICAN,0.5995026764845679
1992,Arizona,REPUBLICAN,0.38473141781132836
1993,Arizona,REPUBLICAN,0.38473141781132836
1994,Arizona,REPUBLICAN,0.38473141781132836
1995,Arizona,REPUBLICAN,0.38473141781132836
1996,Arizona,DEMOCRAT,0.4651706594607681
1997,Arizona,DEMOCRAT,0.4651706594607681
1998,Arizona,DEMOCRAT,0.4651706594607681
1999,Arizona,DEMOCRAT,0.4651706594607681
2000,Arizona,REPUBLICAN,0.5102113816043696
2001,Arizona,REPUBLICAN,0.5102113816043696
2002,Arizona,REPUBLICAN,0.5102113816043696
2003,Arizona,REPUBLICAN,0.5102113816043696
2004,Arizona,REPUBLICAN,0.5486943408601376
2005,Arizona,REPUBLICAN,0.5486943408601376
2006,Arizona,REPUBLICAN,0.5486943408601376
2007,Arizona,REPUBLICAN,0.5486943408601376
2008,Arizona,REPUBLICAN,0.5363524782262724
2009,Arizona,REPUBLICAN,0.5363524782262724
2010,Arizona,REPUBLICAN,0.5363524782262724
2011,Arizona,REPUBLICAN,0.5363524782262724
2012,Arizona,REPUBLICAN,0.536545331659747
2013,Arizona,REPUBLICAN,0.536545331659747
2014,Arizona,REPUBLICAN,0.536545331659747
2015,Arizona,REPUBLICAN,0.536545331659747
2016,Arizona,REPUBLICAN,0.4867161647232105
2017,Arizona,REPUBLICAN,0.4867161647232105
2018,Arizona,REPUBLICAN,0.4867161647232105
2019,Arizona,REPUBLICAN,0.4867161647232105
2020,Arizona,DEMOCRAT,0.49364690614366613
1976,Arkansas,DEMOCRAT,0.6496172812966184
1977,Arkansas,DEMOCRAT,0.6496172812966184
1978,Arkansas,DEMOCRAT,0.6496172812966184
1979,Arkansas,DEMOCRAT,0.6496172812966184
1980,Arkansas,REPUBLICAN,0.4813427222648051
1981,Arkansas,REPUBLICAN,0.4813427222648051
1982,Arkansas,REPUBLICAN,0.4813427222648051
1983,Arkansas,REPUBLICAN,0.4813427222648051
1984,Arkansas,REPUBLICAN,0.6046702532547269
1985,Arkansas,REPUBLICAN,0.6046702532547269
1986,Arkansas,REPUBLICAN,0.6046702532547269
1987,Arkansas,REPUBLICAN,0.6046702532547269
1988,Arkansas,REPUBLICAN,0.563678361993771
1989,Arkansas,REPUBLICAN,0.563678361993771
1990,Arkansas,REPUBLICAN,0.563678361993771
1991,Arkansas,REPUBLICAN,0.563678361993771
1992,Arkansas,DEMOCRAT,0.5320795284925204
1993,Arkansas,DEMOCRAT,0.5320795284925204
1994,Arkansas,DEMOCRAT,0.5320795284925204
1995,Arkansas,DEMOCRAT,0.5320795284925204
1996,Arkansas,DEMOCRAT,0.5373644915194817
1997,Arkansas,DEMOCRAT,0.5373644915194817
1998,Arkansas,DEMOCRAT,0.5373644915194817
1999,Arkansas,DEMOCRAT,0.5373644915194817
2000,Arkansas,REPUBLICAN,0.5130719769663293
2001,Arkansas,REPUBLICAN,0.5130719769663293
2002,Arkansas,REPUBLICAN,0.5130719769663293
2003,Arkansas,REPUBLICAN,0.5130719769663293
2004,Arkansas,REPUBLICAN,0.5430595907843537
2005,Arkansas,REPUBLICAN,0.5430595907843537
2006,Arkansas,REPUBLICAN,0.5430595907843537
2007,Arkansas,REPUBLICAN,0.5430595907843537
2008,Arkansas,REPUBLICAN,0.5871590449992959
2009,Arkansas,REPUBLICAN,0.5871590449992959
2010,Arkansas,REPUBLICAN,0.5871590449992959
2011,Arkansas,REPUBLICAN,0.5871590449992959
2012,Arkansas,REPUBLICAN,0.6056693608410911
2013,Arkansas,REPUBLICAN,0.6056693608410911
2014,Arkansas,REPUBLICAN,0.6056693608410911
2015,Arkansas,REPUBLICAN,0.6056693608410911
2016,Arkansas,REPUBLICAN,0.6057410216382829
2017,Arkansas,REPUBLICAN,0.6057410216382829
2018,Arkansas,REPUBLICAN,0.6057410216382829
2019,Arkansas,REPUBLICAN,0.6057410216382829
2020,Arkansas,REPUBLICAN,0.6239572985614432
1976,California,REPUBLICAN,0.4974831395594693
1977,California,REPUBLICAN,0.4974831395594693
1978,California,REPUBLICAN,0.4974831395594693
1979,California,REPUBLICAN,0.4974831395594693
1980,California,REPUBLICAN,0.5269750288304541
1981,California,REPUBLICAN,0.5269750288304541
1982,California,REPUBLICAN,0.5269750288304541
1983,California,REPUBLICAN,0.5269750288304541
1984,California,REPUBLICAN,0.5751694285169312
1985,California,REPUBLICAN,0.5751694285169312
1986,California,REPUBLICAN,0.5751694285169312
1987,California,REPUBLICAN,0.5751694285169312
1988,California,REPUBLICAN,0.5112656789451673
1989,California,REPUBLICAN,0.5112656789451673
1990,California,REPUBLICAN,0.5112656789451673
1991,California,REPUBLICAN,0.5112656789451673
1992,California,DEMOCRAT,0.46006587840280944
1993,California,DEMOCRAT,0.46006587840280944
1994,California,DEMOCRAT,0.46006587840280944
1995,California,DEMOCRAT,0.46006587840280944
1996,California,DEMOCRAT,0.5109886561852729
1997,California,DEMOCRAT,0.5109886561852729
1998,California,DEMOCRAT,0.5109886561852729
1999,California,DEMOCRAT,0.5109886561852729
2000,California,DEMOCRAT,0.5344973682775446
2001,California,DEMOCRAT,0.5344973682775446
2002,California,DEMOCRAT,0.5344973682775446
2003,California,DEMOCRAT,0.5344973682775446
2004,California,DEMOCRAT,0.5430555753467436
2005,California,DEMOCRAT,0.5430555753467436
2006,California,DEMOCRAT,0.5430555753467436
2007,California,DEMOCRAT,0.5430555753467436
2008,California,DEMOCRAT,0.6101263834713425
2009,California,DEMOCRAT,0.6101263834713425
2010,California,DEMOCRAT,0.6101263834713425
2011,California,DEMOCRAT,0.6101263834713425
2012,California,DEMOCRAT,0.6023895914168964
2013,California,DEMOCRAT,0.6023895914168964
2014,California,DEMOCRAT,0.6023895914168964
2015,California,DEMOCRAT,0.6023895914168964
2016,California,DEMOCRAT,0.6172639960455788
2017,California,DEMOCRAT,0.6172639960455788
2018,California,DEMOCRAT,0.6172639960455788
2019,California,DEMOCRAT,0.6172639960455788
2020,California,DEMOCRAT,0.6348394689387351
1976,Colorado,REPUBLICAN,0.5402777777777777
1977,Colorado,REPUBLICAN,0.5402777777777777
1978,Colorado,REPUBLICAN,0.5402777777777777
1979,Colorado,REPUBLICAN,0.5402777777777777
1980,Colorado,REPUBLICAN,0.5506893494871037
1981,Colorado,REPUBLICAN,0.5506893494871037
1982,Colorado,REPUBLICAN,0.5506893494871037
1983,Colorado,REPUBLICAN,0.5506893494871037
1984,Colorado,REPUBLICAN,0.6344215596967685
1985,Colorado,REPUBLICAN,0.6344215596967685
1986,Colorado,REPUBLICAN,0.6344215596967685
1987,Colorado,REPUBLICAN,0.6344215596967685
1988,Colorado,REPUBLICAN,0.5305888833673129
1989,Colorado,REPUBLICAN,0.5305888833673129
1990,Colorado,REPUBLICAN,0.5305888833673129
1991,Colorado,REPUBLICAN,0.5305888833673129
1992,Colorado,DEMOCRAT,0.40128028651907366
1993,Colorado,DEMOCRAT,0.40128028651907366
1994,Colorado,DEMOCRAT,0.40128028651907366
1995,Colorado,DEMOCRAT,0.40128028651907366
1996,Colorado,REPUBLICAN,0.457964575409313
1997,Colorado,REPUBLICAN,0.457964575409313
1998,Colorado,REPUBLICAN,0.457964575409313
1999,Colorado,REPUBLICAN,0.457964575409313
2000,Colorado,REPUBLICAN,0.507502147736722
2001,Colorado,REPUBLICAN,0.507502147736722
2002,Colorado,REPUBLICAN,0.507502147736722
2003,Colorado,REPUBLICAN,0.507502147736722
2004,Colorado,REPUBLICAN,0.5171109535459211
2005,Colorado,REPUBLICAN,0.5171109535459211
2006,Colorado,REPUBLICAN,0.5171109535459211
2007,Colorado,REPUBLICAN,0.5171109535459211
2008,Colorado,DEMOCRAT,0.5366023684069159
2009,Colorado,DEMOCRAT,0.5366023684069159
2010,Colorado,DEMOCRAT,0.5366023684069159
2011,Colorado,DEMOCRAT,0.5366023684069159
2012,Colorado,DEMOCRAT,0.5149222655161517
2013,Colorado,DEMOCRAT,0.5149222655161517
2014,Colorado,DEMOCRAT,0.5149222655161517
2015,Colorado,DEMOCRAT,0.5149222655161517
2016,Colorado,DEMOCRAT,0.48156980382847403
2017,Colorado,DEMOCRAT,0.48156980382847403
2018,Colorado,DEMOCRAT,0.48156980382847403
2019,Colorado,DEMOCRAT,0.48156980382847403
2020,Colorado,DEMOCRAT,0.5501106714065329
1976,Connecticut,REPUBLICAN,0.5188144450735923
1977,Connecticut,REPUBLICAN,0.5188144450735923
1978,Connecticut,REPUBLICAN,0.5188144450735923
1979,Connecticut,REPUBLICAN,0.5188144450735923
1980,Connecticut,REPUBLICAN,0.4815595700729226
1981,Connecticut,REPUBLICAN,0.4815595700729226
1982,Connecticut,REPUBLICAN,0.4815595700729226
1983,Connecticut,REPUBLICAN,0.4815595700729226
1984,Connecticut,REPUBLICAN,0.6073195173495126
1985,Connecticut,REPUBLICAN,0.6073195173495126
1986,Connecticut,REPUBLICAN,0.6073195173495126
1987,Connecticut,REPUBLICAN,0.6073195173495126
1988,Connecticut,REPUBLICAN,0.5197756122029051
1989,Connecticut,REPUBLICAN,0.5197756122029051
1990,Connecticut,REPUBLICAN,0.5197756122029051
1991,Connecticut,REPUBLICAN,0.5197756122029051
1992,Connecticut,DEMOCRAT,0.42218572959541034
1993,Connecticut,DEMOCRAT,0.42218572959541034
1994,Connecticut,DEMOCRAT,0.42218572959541034
1995,Connecticut,DEMOCRAT,0.42218572959541034
1996,Connecticut,DEMOCRAT,0.5283158147196567
1997,Connecticut,DEMOCRAT,0.5283158147196567
1998,Connecticut,DEMOCRAT,0.5283158147196567
1999,Connecticut,DEMOCRAT,0.5283158147196567
2000,Connecticut,DEMOCRAT,0.5590962813244035
2001,Connecticut,DEMOCRAT,0.5590962813244035
2002,Connecticut,DEMOCRAT,0.5590962813244035
2003,Connecticut,DEMOCRAT,0.5590962813244035
2004,Connecticut,DEMOCRAT,0.543137089719902
2005,Connecticut,DEMOCRAT,0.543137089719902
2006,Connecticut,DEMOCRAT,0.543137089719902
2007,Connecticut,DEMOCRAT,0.543137089719902
2008,Connecticut,DEMOCRAT,0.6058882967612181
2009,Connecticut,DEMOCRAT,0.6058882967612181
2010,Connecticut,DEMOCRAT,0.6058882967612181
2011,Connecticut,DEMOCRAT,0.6058882967612181
2012,Connecticut,DEMOCRAT,0.5808501325885442
2013,Connecticut,DEMOCRAT,0.5808501325885442
2014,Connecticut,DEMOCRAT,0.5808501325885442
2015,Connecticut,DEMOCRAT,0.5808501325885442
2016,Connecticut,DEMOCRAT,0.5456630109670987
2017,Connecticut,DEMOCRAT,0.5456630109670987
2018,Connecticut,DEMOCRAT,0.5456630109670987
2019,Connecticut,DEMOCRAT,0.5456630109670987
2020,Connecticut,DEMOCRAT,0.5926073151568352
1976,Delaware,DEMOCRAT,0.5196908870235357
1977,Delaware,DEMOCRAT,0.5196908870235357
1978,Delaware,DEMOCRAT,0.5196908870235357
1979,Delaware,DEMOCRAT,0.5196908870235357
1980,Delaware,REPUBLICAN,0.47207087937267683
1981,Delaware,REPUBLICAN,0.47207087937267683
1982,Delaware,REPUBLICAN,0.47207087937267683
1983,Delaware,REPUBLICAN,0.47207087937267683
1984,Delaware,REPUBLICAN,0.5978269409047342
1985,Delaware,REPUBLICAN,0.5978269409047342
1986,Delaware,REPUBLICAN,0.5978269409047342
1987,Delaware,REPUBLICAN,0.5978269409047342
1988,Delaware,REPUBLICAN,0.5587996366415757
1989,Delaware,REPUBLICAN,0.5587996366415757
1990,Delaware,REPUBLICAN,0.5587996366415757
1991,Delaware,REPUBLICAN,0.5587996366415757
1992,Delaware,DEMOCRAT,0.43523927905531384
1993,Delaware,DEMOCRAT,0.43523927905531384
1994,Delaware,DEMOCRAT,0.43523927905531384
1995,Delaware,DEMOCRAT,0.43523927905531384
1996,Delaware,DEMOCRAT,0.518278497839814
1997,Delaware,DEMOCRAT,0.518278497839814
1998,Delaware,DEMOCRAT,0.518278497839814
1999,Delaware,DEMOCRAT,0.518278497839814
2000,Delaware,DEMOCRAT,0.5497772716309091
2001,Delaware,DEMOCRAT,0.5497772716309091
2002,Delaware,DEMOCRAT,0.5497772716309091
2003,Delaware,DEMOCRAT,0.5497772716309091
2004,Delaware,DEMOCRAT,0.5334683760228152
2005,Delaware,DEMOCRAT,0.5334683760228152
2006,Delaware,DEMOCRAT,0.5334683760228152
2007,Delaware,DEMOCRAT,0.5334683760228152
2008,Delaware,DEMOCRAT,0.6194266898150393
2009,Delaware,DEMOCRAT,0.6194266898150393
2010,Delaware,DEMOCRAT,0.6194266898150393
2011,Delaware,DEMOCRAT,0.6194266898150393
2012,Delaware,DEMOCRAT,0.5861074198458528
2013,Delaware,DEMOCRAT,0.5861074198458528
2014,Delaware,DEMOCRAT,0.5861074198458528
2015,Delaware,DEMOCRAT,0.5861074198458528
2016,Delaware,DEMOCRAT,0.5335333680563419
2017,Delaware,DEMOCRAT,0.5335333680563419
2018,Delaware,DEMOCRAT,0.5335333680563419
2019,Delaware,DEMOCRAT,0.5335333680563419
2020,Delaware,DEMOCRAT,0.5874300579364167
1976,Florida,DEMOCRAT,0.5192610623078361
1977,Florida,DEMOCRAT,0.5192610623078361
1978,Florida,DEMOCRAT,0.5192610623078361
1979,Florida,DEMOCRAT,0.5192610623078361
1980,Florida,REPUBLICAN,0.5551916270650328
1981,Florida,REPUBLICAN,0.5551916270650328
1982,Florida,REPUBLICAN,0.5551916270650328
1983,Florida,REPUBLICAN,0.5551916270650328
1984,Florida,REPUBLICAN,0.653185810412361
1985,Florida,REPUBLICAN,0.653185810412361
1986,Florida,REPUBLICAN,0.653185810412361
1987,Florida,REPUBLICAN,0.653185810412361
1988,Florida,REPUBLICAN,0.6087155908926198
1989,Florida,REPUBLICAN,0.6087155908926198
1990,Florida,REPUBLICAN,0.6087155908926198
1991,Florida,REPUBLICAN,0.6087155908926198
1992,Florida,REPUBLICAN,0.4090249693604387
1993,Florida,REPUBLICAN,0.4090249693604387
1994,Florida,REPUBLICAN,0.4090249693604387
1995,Florida,REPUBLICAN,0.4090249693604387
1996,Florida,DEMOCRAT,0.4802557119781926
1997,Florida,DEMOCRAT,0.4802557119781926
1998,Florida,DEMOCRAT,0.4802557119781926
1999,Florida,DEMOCRAT,0.4802557119781926
2000,Florida,REPUBLICAN,0.4884682657204043
2001,Florida,REPUBLICAN,0.4884682657204043
2002,Florida,REPUBLICAN,0.4884682657204043
2003,Florida,REPUBLICAN,0.4884682657204043
2004,Florida,REPUBLICAN,0.5209751623233695
2005,Florida,REPUBLICAN,0.5209751623233695
2006,Florida,REPUBLICAN,0.5209751623233695
2007,Florida,REPUBLICAN,0.5209751623233695
2008,Florida,DEMOCRAT,0.5103330527066491
2009,Florida,DEMOCRAT,0.5103330527066491
2010,Florida,DEMOCRAT,0.5103330527066491
2011,Florida,DEMOCRAT,0.5103330527066491
2012,Florida,DEMOCRAT,0.5000786506869869
2013,Florida,DEMOCRAT,0.5000786506869869
2014,Florida,DEMOCRAT,0.5000786506869869
2015,Florida,DEMOCRAT,0.5000786506869869
2016,Florida,REPUBLICAN,0.49021941416590736
2017,Florida,REPUBLICAN,0.49021941416590736
2018,Florida,REPUBLICAN,0.49021941416590736
2019,Florida,REPUBLICAN,0.49021941416590736
2020,Florida,REPUBLICAN,0.5121981962250404
1976,Georgia,DEMOCRAT,0.6693829485931742
1977,Georgia,DEMOCRAT,0.6693829485931742
1978,Georgia,DEMOCRAT,0.6693829485931742
1979,Georgia,DEMOCRAT,0.6693829485931742
1980,Georgia,DEMOCRAT,0.5579610534786652
1981,Georgia,DEMOCRAT,0.5579610534786652
1982,Georgia,DEMOCRAT,0.5579610534786652
1983,Georgia,DEMOCRAT,0.5579610534786652
1984,Georgia,REPUBLICAN,0.6017229856601785
1985,Georgia,REPUBLICAN,0.6017229856601785
1986,Georgia,REPUBLICAN,0.6017229856601785
1987,Georgia,REPUBLICAN,0.6017229856601785
1988,Georgia,REPUBLICAN,0.5975287234371753
1989,Georgia,REPUBLICAN,0.5975287234371753
1990,Georgia,REPUBLICAN,0.5975287234371753
1991,Georgia,REPUBLICAN,0.5975287234371753
1992,Georgia,DEMOCRAT,0.4346868533599755
1993,Georgia,DEMOCRAT,0.4346868533599755
1994,Georgia,DEMOCRAT,0.4346868533599755
1995,Georgia,DEMOCRAT,0.4346868533599755
1996,Georgia,REPUBLICAN,0.4701568011469838
1997,Georgia,REPUBLICAN,0.4701568011469838
1998,Georgia,REPUBLICAN,0.4701568011469838
1999,Georgia,REPUBLICAN,0.4701568011469838
2000,Georgia,REPUBLICAN,0.5495956965137921
2001,Georgia,REPUBLICAN,0.5495956965137921
2002,Georgia,REPUBLICAN,0.5495956965137921
2003,Georgia,REPUBLICAN,0.5495956965137921
2004,Georgia,REPUBLICAN,0.5797475676698846
2005,Georgia,REPUBLICAN,0.5797475676698846
2006,Georgia,REPUBLICAN,0.5797475676698846
2007,Georgia,REPUBLICAN,0.5797475676698846
2008,Georgia,REPUBLICAN,0.5220451799292952
2009,Georgia,REPUBLICAN,0.5220451799292952
2010,Georgia,REPUBLICAN,0.5220451799292952
2011,Georgia,REPUBLICAN,0.5220451799292952
2012,Georgia,REPUBLICAN,0.5332924217752452
2013,Georgia,REPUBLICAN,0.5332924217752452
2014,Georgia,REPUBLICAN,0.5332924217752452
2015,Georgia,REPUBLICAN,0.5332924217752452
2016,Georgia,REPUBLICAN,0.50771326054771
2017,Georgia,REPUBLICAN,0.50771326054771
2018,Georgia,REPUBLICAN,0.50771326054771
2019,Georgia,REPUBLICAN,0.50771326054771
2020,Georgia,DEMOCRAT,0.49473055784446274
1976,Hawaii,DEMOCRAT,0.5059199934088795
1977,Hawaii,DEMOCRAT,0.5059199934088795
1978,Hawaii,DEMOCRAT,0.5059199934088795
1979,Hawaii,DEMOCRAT,0.5059199934088795
1980,Hawaii,DEMOCRAT,0.4480211812573569
1981,Hawaii,DEMOCRAT,0.4480211812573569
1982,Hawaii,DEMOCRAT,0.4480211812573569
1983,Hawaii,DEMOCRAT,0.4480211812573569
1984,Hawaii,REPUBLICAN,0.5509965877217534
1985,Hawaii,REPUBLICAN,0.5509965877217534
1986,Hawaii,REPUBLICAN,0.5509965877217534
1987,Hawaii,REPUBLICAN,0.5509965877217534
1988,Hawaii,DEMOCRAT,0.5426944007944456
1989,Hawaii,DEMOCRAT,0.5426944007944456
1990,Hawaii,DEMOCRAT,0.5426944007944456
1991,Hawaii,DEMOCRAT,0.5426944007944456
1992,Hawaii,DEMOCRAT,0.48092757790163126
1993,Hawaii,DEMOCRAT,0.48092757790163126
1994,Hawaii,DEMOCRAT,0.48092757790163126
1995,Hawaii,DEMOCRAT,0.48092757790163126
1996,Hawaii,DEMOCRAT,0.5692880151060757
1997,Hawaii,DEMOCRAT,0.5692880151060757
1998,Hawaii,DEMOCRAT,0.5692880151060757
1999,Hawaii,DEMOCRAT,0.5692880151060757
2000,Hawaii,DEMOCRAT,0.5579166791230354
2001,Hawaii,DEMOCRAT,0.5579166791230354
2002,Hawaii,DEMOCRAT,0.5579166791230354
2003,Hawaii,DEMOCRAT,0.5579166791230354
2004,Hawaii,DEMOCRAT,0.5400955215809311
2005,Hawaii,DEMOCRAT,0.5400955215809311
2006,Hawaii,DEMOCRAT,0.5400955215809311
2007,Hawaii,DEMOCRAT,0.5400955215809311
2008,Hawaii,DEMOCRAT,0.7145291011787819
2009,Hawaii,DEMOCRAT,0.7145291011787819
2010,Hawaii,DEMOCRAT,0.7145291011787819
2011,Hawaii,DEMOCRAT,0.7145291011787819
2012,Hawaii,DEMOCRAT,0.7014793244563191
2013,Hawaii,DEMOCRAT,0.7014793244563191
2014,Hawaii,DEMOCRAT,0.7014793244563191
2015,Hawaii,DEMOCRAT,0.7014793244563191
2016,Hawaii,DEMOCRAT,0.6098079805512905
2017,Hawaii,DEMOCRAT,0.6098079805512905
2018,Hawaii,DEMOCRAT,0.6098079805512905
2019,Hawaii,DEMOCRAT,0.6098079805512905
2020,Hawaii,DEMOCRAT,0.6314937976901742
1976,Idaho,REPUBLICAN,0.5988026937923104
1977,Idaho,REPUBLICAN,0.5988026937923104
1978,Idaho,REPUBLICAN,0.5988026937923104
1979,Idaho,REPUBLICAN,0.5988026937923104
1980,Idaho,REPUBLICAN,0.6645596676961624
1981,Idaho,REPUBLICAN,0.6645596676961624
1982,Idaho,REPUBLICAN,0.6645596676961624
1983,Idaho,REPUBLICAN,0.6645596676961624
1984,Idaho,REPUBLICAN,0.723646702858366
1985,Idaho,REPUBLICAN,0.723646702858366
1986,Idaho,REPUBLICAN,0.723646702858366
1987,Idaho,REPUBLICAN,0.723646702858366
1988,Idaho,REPUBLICAN,0.6207845112576045
1989,Idaho,REPUBLICAN,0.6207845112576045
1990,Idaho,REPUBLICAN,0.6207845112576045
1991,Idaho,REPUBLICAN,0.6207845112576045
1992,Idaho,REPUBLICAN,0.4203258980241188
1993,Idaho,REPUBLICAN,0.4203258980241188
1994,Idaho,REPUBLICAN,0.4203258980241188
1995,Idaho,REPUBLICAN,0.4203258980241188
1996,Idaho,REPUBLICAN,0.521841081448249
1997,Idaho,REPUBLICAN,0.521841081448249
1998,Idaho,REPUBLICAN,0.521841081448249
1999,Idaho,REPUBLICAN,0.521841081448249
2000,Idaho,REPUBLICAN,0.6717043948047806
2001,Idaho,REPUBLICAN,0.6717043948047806
2002,Idaho,REPUBLICAN,0.6717043948047806
2003,Idaho,REPUBLICAN,0.6717043948047806
2004,Idaho,REPUBLICAN,0.6839094482399026
2005,Idaho,REPUBLICAN,0.6839094482399026
2006,Idaho,REPUBLICAN,0.6839094482399026
2007,Idaho,REPUBLICAN,0.6839094482399026
2008,Idaho,REPUBLICAN,0.6151709147303861
2009,Idaho,REPUBLICAN,0.6151709147303861
2010,Idaho,REPUBLICAN,0.6151709147303861
2011,Idaho,REPUBLICAN,0.6151709147303861
2012,Idaho,REPUBLICAN,0.6452978349589283
2013,Idaho,REPUBLICAN,0.6452978349589283
2014,Idaho,REPUBLICAN,0.6452978349589283
2015,Idaho,REPUBLICAN,0.6452978349589283
2016,Idaho,REPUBLICAN,0.5926143236919689
2017,Idaho,REPUBLICAN,0.5926143236919689
2018,Idaho,REPUBLICAN,0.5926143236919689
2019,Idaho,REPUBLICAN,0.5926143236919689
2020,Idaho,REPUBLICAN,0.6383756483190364
1976,Illinois,REPUBLICAN,0.5007684353529401
1977,Illinois,REPUBLICAN,0.5007684353529401
1978,Illinois,REPUBLICAN,0.5007684353529401
1979,Illinois,REPUBLICAN,0.5007684353529401
1980,Illinois,REPUBLICAN,0.49646052894475273
1981,Illinois,REPUBLICAN,0.49646052894475273
1982,Illinois,REPUBLICAN,0.49646052894475273
1983,Illinois,REPUBLICAN,0.49646052894475273
1984,Illinois,REPUBLICAN,0.5617459154097206
1985,Illinois,REPUBLICAN,0.5617459154097206
1986,Illinois,REPUBLICAN,0.5617459154097206
1987,Illinois,REPUBLICAN,0.5617459154097206
1988,Illinois,REPUBLICAN,0.5068826878871361
1989,Illinois,REPUBLICAN,0.5068826878871361
1990,Illinois,REPUBLICAN,0.5068826878871361
1991,Illinois,REPUBLICAN,0.5068826878871361
1992,Illinois,DEMOCRAT,0.48579677819917283
1993,Illinois,DEMOCRAT,0.48579677819917283
1994,Illinois,DEMOCRAT,0.48579677819917283
1995,Illinois,DEMOCRAT,0.48579677819917283
1996,Illinois,DEMOCRAT,0.5431527783028726
1997,Illinois,DEMOCRAT,0.5431527783028726
1998,Illinois,DEMOCRAT,0.5431527783028726
1999,Illinois,DEMOCRAT,0.5431527783028726
2000,Illinois,DEMOCRAT,0.545965212095549
2001,Illinois,DEMOCRAT,0.545965212095549
2002,Illinois,DEMOCRAT,0.545965212095549
2003,Illinois,DEMOCRAT,0.545965212095549
2004,Illinois,DEMOCRAT,0.5482316020902781
2005,Illinois,DEMOCRAT,0.5482316020902781
2006,Illinois,DEMOCRAT,0.5482316020902781
2007,Illinois,DEMOCRAT,0.5482316020902781
2008,Illinois,DEMOCRAT,0.6191811452001323
2009,Illinois,DEMOCRAT,0.6191811452001323
2010,Illinois,DEMOCRAT,0.6191811452001323
2011,Illinois,DEMOCRAT,0.6191811452001323
2012,Illinois,DEMOCRAT,0.5760213536247709
2013,Illinois,DEMOCRAT,0.5760213536247709
2014,Illinois,DEMOCRAT,0.5760213536247709
2015,Illinois,DEMOCRAT,0.5760213536247709
2016,Illinois,DEMOCRAT,0.558253666987933
2017,Illinois,DEMOCRAT,0.558253666987933
2018,Illinois,DEMOCRAT,0.558253666987933
2019,Illinois,DEMOCRAT,0.558253666987933
2020,Illinois,DEMOCRAT,0.5754164537667581
1976,Indiana,REPUBLICAN,0.5332274647107094
1977,Indiana,REPUBLICAN,0.5332274647107094
1978,Indiana,REPUBLICAN,0.5332274647107094
1979,Indiana,REPUBLICAN,0.5332274647107094
1980,Indiana,REPUBLICAN,0.5600524167128673
1981,Indiana,REPUBLICAN,0.5600524167128673
1982,Indiana,REPUBLICAN,0.5600524167128673
1983,Indiana,REPUBLICAN,0.5600524167128673
1984,Indiana,REPUBLICAN,0.6167431458678617
1985,Indiana,REPUBLICAN,0.6167431458678617
1986,Indiana,REPUBLICAN,0.6167431458678617
1987,Indiana,REPUBLICAN,0.6167431458678617
1988,Indiana,REPUBLICAN,0.5984277566250626
1989,Indiana,REPUBLICAN,0.5984277566250626
1990,Indiana,REPUBLICAN,0.5984277566250626
1991,Indiana,REPUBLICAN,0.5984277566250626
1992,Indiana,REPUBLICAN,0.42906780127769506
1993,Indiana,REPUBLICAN,0.42906780127769506
1994,Indiana,REPUBLICAN,0.42906780127769506
1995,Indiana,REPUBLICAN,0.42906780127769506
1996,Indiana,REPUBLICAN,0.4714238015651173
1997,Indiana,REPUBLICAN,0.4714238015651173
1998,Indiana,REPUBLICAN,0.4714238015651173
1999,Indiana,REPUBLICAN,0.4714238015651173
2000,Indiana,REPUBLICAN,0.566468816015263
2001,Indiana,REPUBLICAN,0.566468816015263
2002,Indiana,REPUBLICAN,0.566468816015263
2003,Indiana,REPUBLICAN,0.566468816015263
2004,Indiana,REPUBLICAN,0.5994476503665718
2005,Indiana,REPUBLICAN,0.5994476503665718
2006,Indiana,REPUBLICAN,0.5994476503665718
2007,Indiana,REPUBLICAN,0.5994476503665718
2008,Indiana,DEMOCRAT,0.4994591163968428
2009,Indiana,DEMOCRAT,0.4994591163968428
2010,Indiana,DEMOCRAT,0.4994591163968428
2011,Indiana,DEMOCRAT,0.4994591163968428
2012,Indiana,REPUBLICAN,0.5412553238022445
2013,Indiana,REPUBLICAN,0.5412553238022445
2014,Indiana,REPUBLICAN,0.5412553238022445
2015,Indiana,REPUBLICAN,0.5412553238022445
2016,Indiana,REPUBLICAN,0.5694003344841128
2017,Indiana,REPUBLICAN,0.5694003344841128
2018,Indiana,REPUBLICAN,0.5694003344841128
2019,Indiana,REPUBLICAN,0.5694003344841128
2020,Indiana,REPUBLICAN,0.5702115776570512
1976,Iowa,REPUBLICAN,0.49469437654722925
1977,Iowa,REPUBLICAN,0.49469437654722925
1978,Iowa,REPUBLICAN,0.49469437654722925
1979,Iowa,REPUBLICAN,0.49469437654722925
1980,Iowa,REPUBLICAN,0.5130500181761469
1981,Iowa,REPUBLICAN,0.5130500181761469
1982,Iowa,REPUBLICAN,0.5130500181761469
1983,Iowa,REPUBLICAN,0.5130500181761469
1984,Iowa,REPUBLICAN,0.5327211216808544
1985,Iowa,REPUBLICAN,0.5327211216808544
1986,Iowa,REPUBLICAN,0.5327211216808544
1987,Iowa,REPUBLICAN,0.5327211216808544
1988,Iowa,DEMOCRAT,0.5471192398259158
1989,Iowa,DEMOCRAT,0.5471192398259158
1990,Iowa,DEMOCRAT,0.5471192398259158
1991,Iowa,DEMOCRAT,0.5471192398259158
1992,Iowa,DEMOCRAT,0.43285838623305506
1993,Iowa,DEMOCRAT,0.43285838623305506
1994,Iowa,DEMOCRAT,0.43285838623305506
1995,Iowa,DEMOCRAT,0.43285838623305506
1996,Iowa,DEMOCRAT,0.5026096469015254
1997,Iowa,DEMOCRAT,0.5026096469015254
1998,Iowa,DEMOCRAT,0.5026096469015254
1999,Iowa,DEMOCRAT,0.5026096469015254
2000,Iowa,DEMOCRAT,0.4719191557860848
2001,Iowa,DEMOCRAT,0.4719191557860848
2002,Iowa,DEMOCRAT,0.4719191557860848
2003,Iowa,DEMOCRAT,0.4719191557860848
2004,Iowa,REPUBLICAN,0.4990065750530225
2005,Iowa,REPUBLICAN,0.4990065750530225
2006,Iowa,REPUBLICAN,0.4990065750530225
2007,Iowa,REPUBLICAN,0.4990065750530225
2008,Iowa,DEMOCRAT,0.5392802007386527
2009,Iowa,DEMOCRAT,0.5392802007386527
2010,Iowa,DEMOCRAT,0.5392802007386527
2011,Iowa,DEMOCRAT,0.5392802007386527
2012,Iowa,DEMOCRAT,0.5198801653414908
2013,Iowa,DEMOCRAT,0.5198801653414908
2014,Iowa,DEMOCRAT,0.5198801653414908
2015,Iowa,DEMOCRAT,0.5198801653414908
2016,Iowa,REPUBLICAN,0.5116206134467737
2017,Iowa,REPUBLICAN,0.5116206134467737
2018,Iowa,REPUBLICAN,0.5116206134467737
2019,Iowa,REPUBLICAN,0.5116206134467737
2020,Iowa,REPUBLICAN,0.5280019763194579
1976,Kansas,REPUBLICAN,0.5248782423043394
1977,Kansas,REPUBLICAN,0.5248782423043394
1978,Kansas,REPUBLICAN,0.5248782423043394
1979,Kansas,REPUBLICAN,0.5248782423043394
1980,Kansas,REPUBLICAN,0.578500604718334
1981,Kansas,REPUBLICAN,0.578500604718334
1982,Kansas,REPUBLICAN,0.578500604718334
1983,Kansas,REPUBLICAN,0.578500604718334
1984,Kansas,REPUBLICAN,0.66272207876586
1985,Kansas,REPUBLICAN,0.66272207876586
1986,Kansas,REPUBLICAN,0.66272207876586
1987,Kansas,REPUBLICAN,0.66272207876586
1988,Kansas,REPUBLICAN,0.5579299608073761
1989,Kansas,REPUBLICAN,0.5579299608073761
1990,Kansas,REPUBLICAN,0.5579299608073761
1991,Kansas,REPUBLICAN,0.5579299608073761
1992,Kansas,REPUBLICAN,0.38881524598266903
1993,Kansas,REPUBLICAN,0.38881524598266903
1994,Kansas,REPUBLICAN,0.38881524598266903
1995,Kansas,REPUBLICAN,0.38881524598266903
1996,Kansas,REPUBLICAN,0.542907009215303
1997,Kansas,REPUBLICAN,0.542907009215303
1998,Kansas,REPUBLICAN,0.542907009215303
1999,Kansas,REPUBLICAN,0.542907009215303
2000,Kansas,REPUBLICAN,0.580416632469577
2001,Kansas,REPUBLICAN,0.580416632469577
2002,Kansas,REPUBLICAN,0.580416632469577
2003,Kansas,REPUBLICAN,0.580416632469577
2004,Kansas,REPUBLICAN,0.620039806155473
2005,Kansas,REPUBLICAN,0.620039806155473
2006,Kansas,REPUBLICAN,0.620039806155473
2007,Kansas,REPUBLICAN,0.620039806155473
2008,Kansas,REPUBLICAN,0.5661225434349189
2009,Kansas,REPUBLICAN,0.5661225434349189
2010,Kansas,REPUBLICAN,0.5661225434349189
2011,Kansas,REPUBLICAN,0.5661225434349189
2012,Kansas,REPUBLICAN,0.5971132036921613
2013,Kansas,REPUBLICAN,0.5971132036921613
2014,Kansas,REPUBLICAN,0.5971132036921613
2015,Kansas,REPUBLICAN,0.5971132036921613
2016,Kansas,REPUBLICAN,0.5665458180583958
2017,Kansas,REPUBLICAN,0.5665458180583958
2018,Kansas,REPUBLICAN,0.5665458180583958
2019,Kansas,REPUBLICAN,0.5665458180583958
2020,Kansas,REPUBLICAN,0.5621251283426474
1976,Kentucky,DEMOCRAT,0.5275424926872652
1977,Kentucky,DEMOCRAT,0.5275424926872652
1978,Kentucky,DEMOCRAT,0.5275424926872652
1979,Kentucky,DEMOCRAT,0.5275424926872652
1980,Kentucky,REPUBLICAN,0.4903216743707873
1981,Kentucky,REPUBLICAN,0.4903216743707873
1982,Kentucky,REPUBLICAN,0.4903216743707873
1983,Kentucky,REPUBLICAN,0.4903216743707873
1984,Kentucky,REPUBLICAN,0.6000693762346231
1985,Kentucky,REPUBLICAN,0.6000693762346231
1986,Kentucky,REPUBLICAN,0.6000693762346231
1987,Kentucky,REPUBLICAN,0.6000693762346231
1988,Kentucky,REPUBLICAN,0.5552147911898297
1989,Kentucky,REPUBLICAN,0.5552147911898297
1990,Kentucky,REPUBLICAN,0.5552147911898297
1991,Kentucky,REPUBLICAN,0.5552147911898297
1992,Kentucky,DEMOCRAT,0.4455114207247639
1993,Kentucky,DEMOCRAT,0.4455114207247639
1994,Kentucky,DEMOCRAT,0.4455114207247639
1995,Kentucky,DEMOCRAT,0.4455114207247639
1996,Kentucky,DEMOCRAT,0.4584217848532593
1997,Kentucky,DEMOCRAT,0.4584217848532593
1998,Kentucky,DEMOCRAT,0.4584217848532593
1999,Kentucky,DEMOCRAT,0.4584217848532593
2000,Kentucky,REPUBLICAN,0.565064833631888
2001,Kentucky,REPUBLICAN,0.565064833631888
2002,Kentucky,REPUBLICAN,0.565064833631888
2003,Kentucky,REPUBLICAN,0.565064833631888
2004,Kentucky,REPUBLICAN,0.5954951383220055
2005,Kentucky,REPUBLICAN,0.5954951383220055
2006,Kentucky,REPUBLICAN,0.5954951383220055
2007,Kentucky,REPUBLICAN,0.5954951383220055
2008,Kentucky,REPUBLICAN,0.5739902114287592
2009,Kentucky,REPUBLICAN,0.5739902114287592
2010,Kentucky,REPUBLICAN,0.5739902114287592
2011,Kentucky,REPUBLICAN,0.5739902114287592
2012,Kentucky,REPUBLICAN,0.6049314159932162
2013,Kentucky,REPUBLICAN,0.6049314159932162
2014,Kentucky,REPUBLICAN,0.6049314159932162
2015,Kentucky,REPUBLICAN,0.6049314159932162
2016,Kentucky,REPUBLICAN,0.6251963855190009
2017,Kentucky,REPUBLICAN,0.6251963855190009
2018,Kentucky,REPUBLICAN,0.6251963855190009
2019,Kentucky,REPUBLICAN,0.6251963855190009
2020,Kentucky,REPUBLICAN,0.6208657186929044
1976,Louisiana,DEMOCRAT,0.5177499622274604
1977,Louisiana,DEMOCRAT,0.5177499622274604
1978,Louisiana,DEMOCRAT,0.5177499622274604
1979,Louisiana,DEMOCRAT,0.5177499622274604
1980,Louisiana,REPUBLICAN,0.5119834740095996
1981,Louisiana,REPUBLICAN,0.5119834740095996
1982,Louisiana,REPUBLICAN,0.5119834740095996
1983,Louisiana,REPUBLICAN,0.5119834740095996
1984,Louisiana,REPUBLICAN,0.6077370692433072
1985,Louisiana,REPUBLICAN,0.6077370692433072
1986,Louisiana,REPUBLICAN,0.6077370692433072
1987,Louisiana,REPUBLICAN,0.6077370692433072
1988,Louisiana,REPUBLICAN,0.5427471529945301
1989,Louisiana,REPUBLICAN,0.5427471529945301
1990,Louisiana,REPUBLICAN,0.5427471529945301
1991,Louisiana,REPUBLICAN,0.5427471529945301
1992,Louisiana,DEMOCRAT,0.4558453914124838
1993,Louisiana,DEMOCRAT,0.4558453914124838
1994,Louisiana,DEMOCRAT,0.4558453914124838
1995,Louisiana,DEMOCRAT,0.4558453914124838
1996,Louisiana,DEMOCRAT,0.5200999574541791
1997,Louisiana,DEMOCRAT,0.5200999574541791
1998,Louisiana,DEMOCRAT,0.5200999574541791
1999,Louisiana,DEMOCRAT,0.5200999574541791
2000,Louisiana,REPUBLICAN,0.5255106317425365
2001,Louisiana,REPUBLICAN,0.5255106317425365
2002,Louisiana,REPUBLICAN,0.5255106317425365
2003,Louisiana,REPUBLICAN,0.5255106317425365
2004,Louisiana,REPUBLICAN,0.5672202134108999
2005,Louisiana,REPUBLICAN,0.5672202134108999
2006,Louisiana,REPUBLICAN,0.5672202134108999
2007,Louisiana,REPUBLICAN,0.5672202134108999
2008,Louisiana,REPUBLICAN,0.5856272131075638
2009,Louisiana,REPUBLICAN,0.5856272131075638
2010,Louisiana,REPUBLICAN,0.5856272131075638
2011,Louisiana,REPUBLICAN,0.5856272131075638
2012,Louisiana,REPUBLICAN,0.5778457572847425
2013,Louisiana,REPUBLICAN,0.5778457572847425
2014,Louisiana,REPUBLICAN,0.5778457572847425
2015,Louisiana,REPUBLICAN,0.5778457572847425
2016,Louisiana,REPUBLICAN,0.580886846535688
2017,Louisiana,REPUBLICAN,0.580886846535688
2018,Louisiana,REPUBLICAN,0.580886846535688
2019,Louisiana,REPUBLICAN,0.580886846535688
2020,Louisiana,REPUBLICAN,0.5846088241400853
1976,Maine,REPUBLICAN,0.489307780225605
1977,Maine,REPUBLICAN,0.489307780225605
1978,Maine,REPUBLICAN,0.489307780225605
1979,Maine,REPUBLICAN,0.489307780225605
1980,Maine,REPUBLICAN,0.45605541757247936
1981,Maine,REPUBLICAN,0.45605541757247936
1982,Maine,REPUBLICAN,0.45605541757247936
1983,Maine,REPUBLICAN,0.45605541757247936
1984,Maine,REPUBLICAN,0.6083406852465181
1985,Maine,REPUBLICAN,0.6083406852465181
1986,Maine,REPUBLICAN,0.6083406852465181
1987,Maine,REPUBLICAN,0.6083406852465181
1988,Maine,REPUBLICAN,0.5533542929725153
1989,Maine,REPUBLICAN,0.5533542929725153
1990,Maine,REPUBLICAN,0.5533542929725153
1991,Maine,REPUBLICAN,0.5533542929725153
1992,Maine,DEMOCRAT,0.3876679730212995
1993,Maine,DEMOCRAT,0.3876679730212995
1994,Maine,DEMOCRAT,0.3876679730212995
1995,Maine,DEMOCRAT,0.3876679730212995
1996,Maine,DEMOCRAT,0.5162395588689167
1997,Maine,DEMOCRAT,0.5162395588689167
1998,Maine,DEMOCRAT,0.5162395588689167
1999,Maine,DEMOCRAT,0.5162395588689167
2000,Maine,DEMOCRAT,0.4908601647394898
2001,Maine,DEMOCRAT,0.4908601647394898
2002,Maine,DEMOCRAT,0.4908601647394898
2003,Maine,DEMOCRAT,0.4908601647394898
2004,Maine,DEMOCRAT,0.5357285569259347
2005,Maine,DEMOCRAT,0.5357285569259347
2006,Maine,DEMOCRAT,0.5357285569259347
2007,Maine,DEMOCRAT,0.5357285569259347
2008,Maine,DEMOCRAT,0.5770573729797597
2009,Maine,DEMOCRAT,0.5770573729797597
2010,Maine,DEMOCRAT,0.5770573729797597
2011,Maine,DEMOCRAT,0.5770573729797597
2012,Maine,DEMOCRAT,0.5537103419348252
2013,Maine,DEMOCRAT,0.5537103419348252
2014,Maine,DEMOCRAT,0.5537103419348252
2015,Maine,DEMOCRAT,0.5537103419348252
2016,Maine,DEMOCRAT,0.4634521409730895
2017,Maine,DEMOCRAT,0.4634521409730895
2018,Maine,DEMOCRAT,0.4634521409730895
2019,Maine,DEMOCRAT,0.4634521409730895
2020,Maine,DEMOCRAT,0.5252557934577239
1976,Maryland,DEMOCRAT,0.5303541992343639
1977,Maryland,DEMOCRAT,0.5303541992343639
1978,Maryland,DEMOCRAT,0.5303541992343639
1979,Maryland,DEMOCRAT,0.5303541992343639
1980,Maryland,DEMOCRAT,0.4713812953749961
1981,Maryland,DEMOCRAT,0.4713812953749961
1982,Maryland,DEMOCRAT,0.4713812953749961
1983,Maryland,DEMOCRAT,0.4713812953749961
1984,Maryland,REPUBLICAN,0.5250505259050059
1985,Maryland,REPUBLICAN,0.5250505259050059
1986,Maryland,REPUBLICAN,0.5250505259050059
1987,Maryland,REPUBLICAN,0.5250505259050059
1988,Maryland,REPUBLICAN,0.511075866300971
1989,Maryland,REPUBLICAN,0.511075866300971
1990,Maryland,REPUBLICAN,0.511075866300971
1991,Maryland,REPUBLICAN,0.511075866300971
1992,Maryland,DEMOCRAT,0.4981260518598394
1993,Maryland,DEMOCRAT,0.4981260518598394
1994,Maryland,DEMOCRAT,0.4981260518598394
1995,Maryland,DEMOCRAT,0.4981260518598394
1996,Maryland,DEMOCRAT,0.5425477435186173
1997,Maryland,DEMOCRAT,0.5425477435186173
1998,Maryland,DEMOCRAT,0.5425477435186173
1999,Maryland,DEMOCRAT,0.5425477435186173
2000,Maryland,DEMOCRAT,0.5648830838450493
2001,Maryland,DEMOCRAT,0.5648830838450493
2002,Maryland,DEMOCRAT,0.5648830838450493
2003,Maryland,DEMOCRAT,0.5648830838450493
2004,Maryland,DEMOCRAT,0.5597146761355201
2005,Maryland,DEMOCRAT,0.5597146761355201
2006,Maryland,DEMOCRAT,0.5597146761355201
2007,Maryland,DEMOCRAT,0.5597146761355201
2008,Maryland,DEMOCRAT,0.6191934476264593
2009,Maryland,DEMOCRAT,0.6191934476264593
2010,Maryland,DEMOCRAT,0.6191934476264593
2011,Maryland,DEMOCRAT,0.6191934476264593
2012,Maryland,DEMOCRAT,0.6197419077931849
2013,Maryland,DEMOCRAT,0.6197419077931849
2014,Maryland,DEMOCRAT,0.6197419077931849
2015,Maryland,DEMOCRAT,0.6197419077931849
2016,Maryland,DEMOCRAT,0.6032574423519277
2017,Maryland,DEMOCRAT,0.6032574423519277
2018,Maryland,DEMOCRAT,0.6032574423519277
2019,Maryland,DEMOCRAT,0.6032574423519277
2020,Maryland,DEMOCRAT,0.6536066486007711
1976,Massachusetts,DEMOCRAT,0.5611157822510813
1977,Massachusetts,DEMOCRAT,0.5611157822510813
1978,Massachusetts,DEMOCRAT,0.5611157822510813
1979,Massachusetts,DEMOCRAT,0.5611157822510813
1980,Massachusetts,REPUBLICAN,0.41901477364119344
1981,Massachusetts,REPUBLICAN,0.41901477364119344
1982,Massachusetts,REPUBLICAN,0.41901477364119344
1983,Massachusetts,REPUBLICAN,0.41901477364119344
1984,Massachusetts,REPUBLICAN,0.5122078250890938
1985,Massachusetts,REPUBLICAN,0.5122078250890938
1986,Massachusetts,REPUBLICAN,0.5122078250890938
1987,Massachusetts,REPUBLICAN,0.5122078250890938
1988,Massachusetts,DEMOCRAT,0.5322905149306765
1989,Massachusetts,DEMOCRAT,0.5322905149306765
1990,Massachusetts,DEMOCRAT,0.5322905149306765
1991,Massachusetts,DEMOCRAT,0.5322905149306765
1992,Massachusetts,DEMOCRAT,0.47541410927927824
1993,Massachusetts,DEMOCRAT,0.47541410927927824
1994,Massachusetts,DEMOCRAT,0.47541410927927824
1995,Massachusetts,DEMOCRAT,0.47541410927927824
1996,Massachusetts,DEMOCRAT,0.614720987115381
1997,Massachusetts,DEMOCRAT,0.614720987115381
1998,Massachusetts,DEMOCRAT,0.614720987115381
1999,Massachusetts,DEMOCRAT,0.614720987115381
2000,Massachusetts,DEMOCRAT,0.5912612602067913
2001,Massachusetts,DEMOCRAT,0.5912612602067913
2002,Massachusetts,DEMOCRAT,0.5912612602067913
2003,Massachusetts,DEMOCRAT,0.5912612602067913
2004,Massachusetts,DEMOCRAT,0.616166602048537
2005,Massachusetts,DEMOCRAT,0.616166602048537
2006,Massachusetts,DEMOCRAT,0.616166602048537
2007,Massachusetts,DEMOCRAT,0.616166602048537
2008,Massachusetts,DEMOCRAT,0.6136319910280229
2009,Massachusetts,DEMOCRAT,0.6136319910280229
2010,Massachusetts,DEMOCRAT,0.6136319910280229
2011,Massachusetts,DEMOCRAT,0.6136319910280229
2012,Massachusetts,DEMOCRAT,0.6033830832021647
2013,Massachusetts,DEMOCRAT,0.6033830832021647
2014,Massachusetts,DEMOCRAT,0.6033830832021647
2015,Massachusetts,DEMOCRAT,0.6033830832021647
2016,Massachusetts,DEMOCRAT,0.5905006509667129
2017,Massachusetts,DEMOCRAT,0.5905006509667129
2018,Massachusetts,DEMOCRAT,0.5905006509667129
2019,Massachusetts,DEMOCRAT,0.5905006509667129
2020,Massachusetts,DEMOCRAT,0.6512298370286536
1976,Michigan,REPUBLICAN,0.518607510700818
1977,Michigan,REPUBLICAN,0.518607510700818
1978,Michigan,REPUBLICAN,0.518607510700818
1979,Michigan,REPUBLICAN,0.518607510700818
1980,Michigan,REPUBLICAN,0.48986181892588354
1981,Michigan,REPUBLICAN,0.48986181892588354
1982,Michigan,REPUBLICAN,0.48986181892588354
1983,Michigan,REPUBLICAN,0.48986181892588354
1984,Michigan,REPUBLICAN,0.5922602717025045
1985,Michigan,REPUBLICAN,0.5922602717025045
1986,Michigan,REPUBLICAN,0.5922602717025045
1987,Michigan,REPUBLICAN,0.5922602717025045
1988,Michigan,REPUBLICAN,0.5356769377648254
1989,Michigan,REPUBLICAN,0.5356769377648254
1990,Michigan,REPUBLICAN,0.5356769377648254
1991,Michigan,REPUBLICAN,0.5356769377648254
1992,Michigan,DEMOCRAT,0.43773687484399393
1993,Michigan,DEMOCRAT,0.43773687484399393
1994,Michigan,DEMOCRAT,0.43773687484399393
1995,Michigan,DEMOCRAT,0.43773687484399393
1996,Michigan,DEMOCRAT,0.5169482057469723
1997,Michigan,DEMOCRAT,0.5169482057469723
1998,Michigan,DEMOCRAT,0.5169482057469723
1999,Michigan,DEMOCRAT,0.5169482057469723
2000,Michigan,DEMOCRAT,0.5127979887069135
2001,Michigan,DEMOCRAT,0.5127979887069135
2002,Michigan,DEMOCRAT,0.5127979887069135
2003,Michigan,DEMOCRAT,0.5127979887069135
2004,Michigan,DEMOCRAT,0.5123070672905647
2005,Michigan,DEMOCRAT,0.5123070672905647
2006,Michigan,DEMOCRAT,0.5123070672905647
2007,Michigan,DEMOCRAT,0.5123070672905647
2008,Michigan,DEMOCRAT,0.5743324730745946
2009,Michigan,DEMOCRAT,0.5743324730745946
2010,Michigan,DEMOCRAT,0.5743324730745946
2011,Michigan,DEMOCRAT,0.5743324730745946
2012,Michigan,DEMOCRAT,0.5420820421051875
2013,Michigan,DEMOCRAT,0.5420820421051875
2014,Michigan,DEMOCRAT,0.5420820421051875
2015,Michigan,DEMOCRAT,0.5420820421051875
2016,Michigan,REPUBLICAN,0.47497564219996147
2017,Michigan,REPUBLICAN,0.47497564219996147
2018,Michigan,REPUBLICAN,0.47497564219996147
2019,Michigan,REPUBLICAN,0.47497564219996147
2020,Michigan,DEMOCRAT,0.5062081829082437
1976,Minnesota,DEMOCRAT,0.5489630145887213
1977,Minnesota,DEMOCRAT,0.5489630145887213
1978,Minnesota,DEMOCRAT,0.5489630145887213
1979,Minnesota,DEMOCRAT,0.5489630145887213
1980,Minnesota,DEMOCRAT,0.4650156244212726
1981,Minnesota,DEMOCRAT,0.4650156244212726
1982,Minnesota,DEMOCRAT,0.4650156244212726
1983,Minnesota,DEMOCRAT,0.4650156244212726
1984,Minnesota,DEMOCRAT,0.49718846563288427
1985,Minnesota,DEMOCRAT,0.49718846563288427
1986,Minnesota,DEMOCRAT,0.49718846563288427
1987,Minnesota,DEMOCRAT,0.49718846563288427
1988,Minnesota,DEMOCRAT,0.5291283342633263
1989,Minnesota,DEMOCRAT,0.5291283342633263
1990,Minnesota,DEMOCRAT,0.5291283342633263
1991,Minnesota,DEMOCRAT,0.5291283342633263
1992,Minnesota,DEMOCRAT,0.4348465127847806
1993,Minnesota,DEMOCRAT,0.4348465127847806
1994,Minnesota,DEMOCRAT,0.4348465127847806
1995,Minnesota,DEMOCRAT,0.4348465127847806
1996,Minnesota,DEMOCRAT,0.5110075658200806
1997,Minnesota,DEMOCRAT,0.5110075658200806
1998,Minnesota,DEMOCRAT,0.5110075658200806
1999,Minnesota,DEMOCRAT,0.5110075658200806
2000,Minnesota,DEMOCRAT,0.479055720603522
2001,Minnesota,DEMOCRAT,0.479055720603522
2002,Minnesota,DEMOCRAT,0.479055720603522
2003,Minnesota,DEMOCRAT,0.479055720603522
2004,Minnesota,DEMOCRAT,0.5108968468600654
2005,Minnesota,DEMOCRAT,0.5108968468600654
2006,Minnesota,DEMOCRAT,0.5108968468600654
2007,Minnesota,DEMOCRAT,0.5108968468600654
2008,Minnesota,DEMOCRAT,0.5406029269827984
2009,Minnesota,DEMOCRAT,0.5406029269827984
2010,Minnesota,DEMOCRAT,0.5406029269827984
2011,Minnesota,DEMOCRAT,0.5406029269827984
2012,Minnesota,DEMOCRAT,0.5265230315324626
2013,Minnesota,DEMOCRAT,0.5265230315324626
2014,Minnesota,DEMOCRAT,0.5265230315324626
2015,Minnesota,DEMOCRAT,0.5265230315324626
2016,Minnesota,DEMOCRAT,0.4644503396176695
2017,Minnesota,DEMOCRAT,0.4644503396176695
2018,Minnesota,DEMOCRAT,0.4644503396176695
2019,Minnesota,DEMOCRAT,0.4644503396176695
2020,Minnesota,DEMOCRAT,0.5239509930974001
1976,Mississippi,DEMOCRAT,0.4962701232447065
1977,Mississippi,DEMOCRAT,0.4962701232447065
1978,Mississippi,DEMOCRAT,0.4962701232447065
1979,Mississippi,DEMOCRAT,0.4962701232447065
1980,Mississippi,REPUBLICAN,0.49463302495093914
1981,Mississippi,REPUBLICAN,0.49463302495093914
1982,Mississippi,REPUBLICAN,0.49463302495093914
1983,Mississippi,REPUBLICAN,0.49463302495093914
1984,Mississippi,REPUBLICAN,0.6188232118873154
1985,Mississippi,REPUBLICAN,0.6188232118873154
1986,Mississippi,REPUBLICAN,0.6188232118873154
1987,Mississippi,REPUBLICAN,0.6188232118873154
1988,Mississippi,REPUBLICAN,0.5988983679485405
1989,Mississippi,REPUBLICAN,0.5988983679485405
1990,Mississippi,REPUBLICAN,0.5988983679485405
1991,Mississippi,REPUBLICAN,0.5988983679485405
1992,Mississippi,REPUBLICAN,0.4968389467026145
1993,Mississippi,REPUBLICAN,0.4968389467026145
1994,Mississippi,REPUBLICAN,0.4968389467026145
1995,Mississippi,REPUBLICAN,0.4968389467026145
1996,Mississippi,REPUBLICAN,0.4920675231049262
1997,Mississippi,REPUBLICAN,0.4920675231049262
1998,Mississippi,REPUBLICAN,0.4920675231049262
1999,Mississippi,REPUBLICAN,0.4920675231049262
2000,Mississippi,REPUBLICAN,0.5761951509982056
2001,Mississippi,REPUBLICAN,0.5761951509982056
2002,Mississippi,REPUBLICAN,0.5761951509982056
2003,Mississippi,REPUBLICAN,0.5761951509982056
2004,Mississippi,REPUBLICAN,0.5901437414899142
2005,Mississippi,REPUBLICAN,0.5901437414899142
2006,Mississippi,REPUBLICAN,0.5901437414899142
2007,Mississippi,REPUBLICAN,0.5901437414899142
2008,Mississippi,REPUBLICAN,0.5617618898101739
2009,Mississippi,REPUBLICAN,0.5617618898101739
2010,Mississippi,REPUBLICAN,0.5617618898101739
2011,Mississippi,REPUBLICAN,0.5617618898101739
2012,Mississippi,REPUBLICAN,0.5528584674358112
2013,Mississippi,REPUBLICAN,0.5528584674358112
2014,Mississippi,REPUBLICAN,0.5528584674358112
2015,Mississippi,REPUBLICAN,0.5528584674358112
2016,Mississippi,REPUBLICAN,0.5794103808883564
2017,Mississippi,REPUBLICAN,0.5794103808883564
2018,Mississippi,REPUBLICAN,0.5794103808883564
2019,Mississippi,REPUBLICAN,0.5794103808883564
2020,Mississippi,REPUBLICAN,0.5760295457538255
1976,Missouri,DEMOCRAT,0.5110498566748567
1977,Missouri,DEMOCRAT,0.5110498566748567
1978,Missouri,DEMOCRAT,0.5110498566748567
1979,Missouri,DEMOCRAT,0.5110498566748567
1980,Missouri,REPUBLICAN,0.511557635306578
1981,Missouri,REPUBLICAN,0.511557635306578
1982,Missouri,REPUBLICAN,0.511557635306578
1983,Missouri,REPUBLICAN,0.511557635306578
1984,Missouri,REPUBLICAN,0.6002475066787704
1985,Missouri,REPUBLICAN,0.6002475066787704
1986,Missouri,REPUBLICAN,0.6002475066787704
1987,Missouri,REPUBLICAN,0.6002475066787704
1988,Missouri,REPUBLICAN,0.5183157305367595
1989,Missouri,REPUBLICAN,0.5183157305367595
1990,Missouri,REPUBLICAN,0.5183157305367595
1991,Missouri,REPUBLICAN,0.5183157305367595
1992,Missouri,DEMOCRAT,0.4407168575694087
1993,Missouri,DEMOCRAT,0.4407168575694087
1994,Missouri,DEMOCRAT,0.4407168575694087
1995,Missouri,DEMOCRAT,0.4407168575694087
1996,Missouri,DEMOCRAT,0.4753957827961623
1997,Missouri,DEMOCRAT,0.4753957827961623
1998,Missouri,DEMOCRAT,0.4753957827961623
1999,Missouri,DEMOCRAT,0.4753957827961623
2000,Missouri,REPUBLICAN,0.5042281595937441
2001,Missouri,REPUBLICAN,0.5042281595937441
2002,Missouri,REPUBLICAN,0.5042281595937441
2003,Missouri,REPUBLICAN,0.5042281595937441
2004,Missouri,REPUBLICAN,0.5329619193926551
2005,Missouri,REPUBLICAN,0.5329619193926551
2006,Missouri,REPUBLICAN,0.5329619193926551
2007,Missouri,REPUBLICAN,0.5329619193926551
2008,Missouri,REPUBLICAN,0.49426074411878823
2009,Missouri,REPUBLICAN,0.49426074411878823
2010,Missouri,REPUBLICAN,0.49426074411878823
2011,Missouri,REPUBLICAN,0.49426074411878823
2012,Missouri,REPUBLICAN,0.5376374113587709
2013,Missouri,REPUBLICAN,0.5376374113587709
2014,Missouri,REPUBLICAN,0.5376374113587709
2015,Missouri,REPUBLICAN,0.5376374113587709
2016,Missouri,REPUBLICAN,0.5677234783816165
2017,Missouri,REPUBLICAN,0.5677234783816165
2018,Missouri,REPUBLICAN,0.5677234783816165
2019,Missouri,REPUBLICAN,0.5677234783816165
2020,Missouri,REPUBLICAN,0.5679965577888949
1976,Montana,REPUBLICAN,0.5283998612860246
1977,Montana,REPUBLICAN,0.5283998612860246
1978,Montana,REPUBLICAN,0.5283998612860246
1979,Montana,REPUBLICAN,0.5283998612860246
1980,Montana,REPUBLICAN,0.5682452631116192
1981,Montana,REPUBLICAN,0.5682452631116192
1982,Montana,REPUBLICAN,0.5682452631116192
1983,Montana,REPUBLICAN,0.5682452631116192
1984,Montana,REPUBLICAN,0.6047448208399566
1985,Montana,REPUBLICAN,0.6047448208399566
1986,Montana,REPUBLICAN,0.6047448208399566
1987,Montana,REPUBLICAN,0.6047448208399566
1988,Montana,REPUBLICAN,0.5207151725307241
1989,Montana,REPUBLICAN,0.5207151725307241
1990,Montana,REPUBLICAN,0.5207151725307241
1991,Montana,REPUBLICAN,0.5207151725307241
1992,Montana,DEMOCRAT,0.3763112452293446
1993,Montana,DEMOCRAT,0.3763112452293446
1994,Montana,DEMOCRAT,0.3763112452293446
1995,Montana,DEMOCRAT,0.3763112452293446
1996,Montana,REPUBLICAN,0.44131540742305625
1997,Montana,REPUBLICAN,0.44131540742305625
1998,Montana,REPUBLICAN,0.44131540742305625
1999,Montana,REPUBLICAN,0.44131540742305625
2000,Montana,REPUBLICAN,0.584394602249225
2001,Montana,REPUBLICAN,0.584394602249225
2002,Montana,REPUBLICAN,0.584394602249225
2003,Montana,REPUBLICAN,0.584394602249225
2004,Montana,REPUBLICAN,0.5906814316858852
2005,Montana,REPUBLICAN,0.5906814316858852
2006,Montana,REPUBLICAN,0.5906814316858852
2007,Montana,REPUBLICAN,0.5906814316858852
2008,Montana,REPUBLICAN,0.495324509445858
2009,Montana,REPUBLICAN,0.495324509445858
2010,Montana,REPUBLICAN,0.495324509445858
2011,Montana,REPUBLICAN,0.495324509445858
2012,Montana,REPUBLICAN,0.553515353849205
2013,Montana,REPUBLICAN,0.553515353849205
2014,Montana,REPUBLICAN,0.553515353849205
2015,Montana,REPUBLICAN,0.553515353849205
2016,Montana,REPUBLICAN,0.5646619186857719
2017,Montana,REPUBLICAN,0.5646619186857719
2018,Montana,REPUBLICAN,0.5646619186857719
2019,Montana,REPUBLICAN,0.5646619186857719
2020,Montana,REPUBLICAN,0.5691846924002028
1976,Nebraska,REPUBLICAN,0.5920388826351588
1977,Nebraska,REPUBLICAN,0.5920388826351588
1978,Nebraska,REPUBLICAN,0.5920388826351588
1979,Nebraska,REPUBLICAN,0.5920388826351588
1980,Nebraska,REPUBLICAN,0.6555001852914548
1981,Nebraska,REPUBLICAN,0.6555001852914548
1982,Nebraska,REPUBLICAN,0.6555001852914548
1983,Nebraska,REPUBLICAN,0.6555001852914548
1984,Nebraska,REPUBLICAN,0.7055069085555675
1985,Nebraska,REPUBLICAN,0.7055069085555675
1986,Nebraska,REPUBLICAN,0.7055069085555675
1987,Nebraska,REPUBLICAN,0.7055069085555675
1988,Nebraska,REPUBLICAN,0.6016282040621953
1989,Nebraska,REPUBLICAN,0.6016282040621953
1990,Nebraska,REPUBLICAN,0.6016282040621953
1991,Nebraska,REPUBLICAN,0.6016282040621953
1992,Nebraska,REPUBLICAN,0.4659750035929962
1993,Nebraska,REPUBLICAN,0.4659750035929962
1994,Nebraska,REPUBLICAN,0.4659750035929962
1995,Nebraska,REPUBLICAN,0.4659750035929962
1996,Nebraska,REPUBLICAN,0.5365499730593506
1997,Nebraska,REPUBLICAN,0.5365499730593506
1998,Nebraska,REPUBLICAN,0.5365499730593506
1999,Nebraska,REPUBLICAN,0.5365499730593506
2000,Nebraska,REPUBLICAN,0.6224536203460738
2001,Nebraska,REPUBLICAN,0.6224536203460738
2002,Nebraska,REPUBLICAN,0.6224536203460738
2003,Nebraska,REPUBLICAN,0.6224536203460738
2004,Nebraska,REPUBLICAN,0.6589864119889075
2005,Nebraska,REPUBLICAN,0.6589864119889075
2006,Nebraska,REPUBLICAN,0.6589864119889075
2007,Nebraska,REPUBLICAN,0.6589864119889075
2008,Nebraska,REPUBLICAN,0.5653185336979162
2009,Nebraska,REPUBLICAN,0.5653185336979162
2010,Nebraska,REPUBLICAN,0.5653185336979162
2011,Nebraska,REPUBLICAN,0.5653185336979162
2012,Nebraska,REPUBLICAN,0.5980319217904804
2013,Nebraska,REPUBLICAN,0.5980319217904804
2014,Nebraska,REPUBLICAN,0.5980319217904804
2015,Nebraska,REPUBLICAN,0.5980319217904804
2016,Nebraska,REPUBLICAN,0.5874735112712576
2017,Nebraska,REPUBLICAN,0.5874735112712576
2018,Nebraska,REPUBLICAN,0.5874735112712576
2019,Nebraska,REPUBLICAN,0.5874735112712576
2020,Nebraska,REPUBLICAN,0.5822416333205421
1976,Nevada,REPUBLICAN,0.5016594345043492
1977,Nevada,REPUBLICAN,0.5016594345043492
1978,Nevada,REPUBLICAN,0.5016594345043492
1979,Nevada,REPUBLICAN,0.5016594345043492
1980,Nevada,REPUBLICAN,0.6361185430789685
1981,Nevada,REPUBLICAN,0.6361185430789685
1982,Nevada,REPUBLICAN,0.6361185430789685
1983,Nevada,REPUBLICAN,0.6361185430789685
1984,Nevada,REPUBLICAN,0.6676995016217631
1985,Nevada,REPUBLICAN,0.6676995016217631
1986,Nevada,REPUBLICAN,0.6676995016217631
1987,Nevada,REPUBLICAN,0.6676995016217631
1988,Nevada,REPUBLICAN,0.6004668743606706
1989,Nevada,REPUBLICAN,0.6004668743606706
1990,Nevada,REPUBLICAN,0.6004668743606706
1991,Nevada,REPUBLICAN,0.6004668743606706
1992,Nevada,DEMOCRAT,0.3735754999822246
1993,Nevada,DEMOCRAT,0.3735754999822246
1994,Nevada,DEMOCRAT,0.3735754999822246
1995,Nevada,DEMOCRAT,0.3735754999822246
1996,Nevada,DEMOCRAT,0.43933496884416484
1997,Nevada,DEMOCRAT,0.43933496884416484
1998,Nevada,DEMOCRAT,0.43933496884416484
1999,Nevada,DEMOCRAT,0.43933496884416484
2000,Nevada,REPUBLICAN,0.49485089247915254
2001,Nevada,REPUBLICAN,0.49485089247915254
2002,Nevada,REPUBLICAN,0.49485089247915254
2003,Nevada,REPUBLICAN,0.49485089247915254
2004,Nevada,REPUBLICAN,0.504696915453111
2005,Nevada,REPUBLICAN,0.504696915453111
2006,Nevada,REPUBLICAN,0.504696915453111
2007,Nevada,REPUBLICAN,0.504696915453111
2008,Nevada,DEMOCRAT,0.551466759243187
2009,Nevada,DEMOCRAT,0.551466759243187
2010,Nevada,DEMOCRAT,0.551466759243187
2011,Nevada,DEMOCRAT,0.551466759243187
2012,Nevada,DEMOCRAT,0.5235624947040056
2013,Nevada,DEMOCRAT,0.5235624947040056
2014,Nevada,DEMOCRAT,0.5235624947040056
2015,Nevada,DEMOCRAT,0.5235624947040056
2016,Nevada,DEMOCRAT,0.4791782367811904
2017,Nevada,DEMOCRAT,0.4791782367811904
2018,Nevada,DEMOCRAT,0.4791782367811904
2019,Nevada,DEMOCRAT,0.4791782367811904
2020,Nevada,DEMOCRAT,0.5005678195728402
1976,New Hampshire,REPUBLICAN,0.5474682519352113
1977,New Hampshire,REPUBLICAN,0.5474682519352113
1978,New Hampshire,REPUBLICAN,0.5474682519352113
1979,New Hampshire,REPUBLICAN,0.5474682519352113
1980,New Hampshire,REPUBLICAN,0.5773718065574625
1981,New Hampshire,REPUBLICAN,0.5773718065574625
1982,New Hampshire,REPUBLICAN,0.5773718065574625
1983,New Hampshire,REPUBLICAN,0.5773718065574625
1984,New Hampshire,REPUBLICAN,0.6866733178367926
1985,New Hampshire,REPUBLICAN,0.6866733178367926
1986,New Hampshire,REPUBLICAN,0.6866733178367926
1987,New Hampshire,REPUBLICAN,0.6866733178367926
1988,New Hampshire,REPUBLICAN,0.624908717607236
1989,New Hampshire,REPUBLICAN,0.624908717607236
1990,New Hampshire,REPUBLICAN,0.624908717607236
1991,New Hampshire,REPUBLICAN,0.624908717607236
1992,New Hampshire,DEMOCRAT,0.38911795091350765
1993,New Hampshire,DEMOCRAT,0.38911795091350765
1994,New Hampshire,DEMOCRAT,0.38911795091350765
1995,New Hampshire,DEMOCRAT,0.38911795091350765
1996,New Hampshire,DEMOCRAT,0.4957057734944029
1997,New Hampshire,DEMOCRAT,0.4957057734944029
1998,New Hampshire,DEMOCRAT,0.4957057734944029
1999,New Hampshire,DEMOCRAT,0.4957057734944029
2000,New Hampshire,REPUBLICAN,0.4807030985044308
2001,New Hampshire,REPUBLICAN,0.4807030985044308
2002,New Hampshire,REPUBLICAN,0.4807030985044308
2003,New Hampshire,REPUBLICAN,0.4807030985044308
2004,New Hampshire,DEMOCRAT,0.5020161082255741
2005,New Hampshire,DEMOCRAT,0.5020161082255741
2006,New Hampshire,DEMOCRAT,0.5020161082255741
2007,New Hampshire,DEMOCRAT,0.5020161082255741
2008,New Hampshire,DEMOCRAT,0.5412689705613458
2009,New Hampshire,DEMOCRAT,0.5412689705613458
2010,New Hampshire,DEMOCRAT,0.5412689705613458
2011,New Hampshire,DEMOCRAT,0.5412689705613458
2012,New Hampshire,DEMOCRAT,0.5197968415071198
2013,New Hampshire,DEMOCRAT,0.5197968415071198
2014,New Hampshire,DEMOCRAT,0.5197968415071198
2015,New Hampshire,DEMOCRAT,0.5197968415071198
2016,New Hampshire,DEMOCRAT,0.46826262669690555
2017,New Hampshire,DEMOCRAT,0.46826262669690555
2018,New Hampshire,DEMOCRAT,0.46826262669690555
2019,New Hampshire,DEMOCRAT,0.46826262669690555
2020,New Hampshire,DEMOCRAT,0.5270782528014766
1976,New Jersey,REPUBLICAN,0.500813409446165
1977,New Jersey,REPUBLICAN,0.500813409446165
1978,New Jersey,REPUBLICAN,0.500813409446165
1979,New Jersey,REPUBLICAN,0.500813409446165
1980,New Jersey,REPUBLICAN,0.5197315978443948
1981,New Jersey,REPUBLICAN,0.5197315978443948
1982,New Jersey,REPUBLICAN,0.5197315978443948
1983,New Jersey,REPUBLICAN,0.5197315978443948
1984,New Jersey,REPUBLICAN,0.6009051973018109
1985,New Jersey,REPUBLICAN,0.6009051973018109
1986,New Jersey,REPUBLICAN,0.6009051973018109
1987,New Jersey,REPUBLICAN,0.6009051973018109
1988,New Jersey,REPUBLICAN,0.5624010946094485
1989,New Jersey,REPUBLICAN,0.5624010946094485
1990,New Jersey,REPUBLICAN,0.5624010946094485
1991,New Jersey,REPUBLICAN,0.5624010946094485
1992,New Jersey,DEMOCRAT,0.42953959123027496
1993,New Jersey,DEMOCRAT,0.42953959123027496
1994,New Jersey,DEMOCRAT,0.42953959123027496
1995,New Jersey,DEMOCRAT,0.42953959123027496
1996,New Jersey,DEMOCRAT,0.5372029286118354
1997,New Jersey,DEMOCRAT,0.5372029286118354
1998,New Jersey,DEMOCRAT,0.5372029286118354
1999,New Jersey,DEMOCRAT,0.5372029286118354
2000,New Jersey,DEMOCRAT,0.5612560891508792
2001,New Jersey,DEMOCRAT,0.5612560891508792
2002,New Jersey,DEMOCRAT,0.5612560891508792
2003,New Jersey,DEMOCRAT,0.5612560891508792
2004,New Jersey,DEMOCRAT,0.5292340900702746
2005,New Jersey,DEMOCRAT,0.5292340900702746
2006,New Jersey,DEMOCRAT,0.5292340900702746
2007,New Jersey,DEMOCRAT,0.5292340900702746
2008,New Jersey,DEMOCRAT,0.5727213715188599
2009,New Jersey,DEMOCRAT,0.5727213715188599
2010,New Jersey,DEMOCRAT,0.5727213715188599
2011,New Jersey,DEMOCRAT,0.5727213715188599
2012,New Jersey,DEMOCRAT,0.5834235491063761
2013,New Jersey,DEMOCRAT,0.5834235491063761
2014,New Jersey,DEMOCRAT,0.5834235491063761
2015,New Jersey,DEMOCRAT,0.5834235491063761
2016,New Jersey,DEMOCRAT,0.554530844496942
2017,New Jersey,DEMOCRAT,0.554530844496942
2018,New Jersey,DEMOCRAT,0.554530844496942
2019,New Jersey,DEMOCRAT,0.554530844496942
2020,New Jersey,DEMOCRAT,0.5733419675281298
1976,New Mexico,REPUBLICAN,0.5074989798122854
1977,New Mexico,REPUBLICAN,0.5074989798122854
1978,New Mexico,REPUBLICAN,0.5074989798122854
1979,New Mexico,REPUBLICAN,0.5074989798122854
1980,New Mexico,REPUBLICAN,0.5496682645204137
1981,New Mexico,REPUBLICAN,0.5496682645204137
1982,New Mexico,REPUBLICAN,0.5496682645204137
1983,New Mexico,REPUBLICAN,0.5496682645204137
1984,New Mexico,REPUBLICAN,0.5970429846219647
1985,New Mexico,REPUBLICAN,0.5970429846219647
1986,New Mexico,REPUBLICAN,0.5970429846219647
1987,New Mexico,REPUBLICAN,0.5970429846219647
1988,New Mexico,REPUBLICAN,0.5185035300074609
1989,New Mexico,REPUBLICAN,0.5185035300074609
1990,New Mexico,REPUBLICAN,0.5185035300074609
1991,New Mexico,REPUBLICAN,0.5185035300074609
1992,New Mexico,DEMOCRAT,0.45898846638338486
1993,New Mexico,DEMOCRAT,0.45898846638338486
1994,New Mexico,DEMOCRAT,0.45898846638338486
1995,New Mexico,DEMOCRAT,0.45898846638338486
1996,New Mexico,DEMOCRAT,0.4918320223567367
1997,New Mexico,DEMOCRAT,0.4918320223567367
1998,New Mexico,DEMOCRAT,0.4918320223567367
1999,New Mexico,DEMOCRAT,0.4918320223567367
2000,New Mexico,DEMOCRAT,0.47908554054844177
2001,New Mexico,DEMOCRAT,0.47908554054844177
2002,New Mexico,DEMOCRAT,0.47908554054844177
2003,New Mexico,DEMOCRAT,0.47908554054844177
2004,New Mexico,REPUBLICAN,0.498384247604138
2005,New Mexico,REPUBLICAN,0.498384247604138
2006,New Mexico,REPUBLICAN,0.498384247604138
2007,New Mexico,REPUBLICAN,0.498384247604138
2008,New Mexico,DEMOCRAT,0.5690748026279335
2009,New Mexico,DEMOCRAT,0.5690748026279335
2010,New Mexico,DEMOCRAT,0.5690748026279335
2011,New Mexico,DEMOCRAT,0.5690748026279335
2012,New Mexico,DEMOCRAT,0.5299276052046678
2013,New Mexico,DEMOCRAT,0.5299276052046678
2014,New Mexico,DEMOCRAT,0.5299276052046678
2015,New Mexico,DEMOCRAT,0.5299276052046678
2016,New Mexico,DEMOCRAT,0.48255647178634103
2017,New Mexico,DEMOCRAT,0.48255647178634103
2018,New Mexico,DEMOCRAT,0.48255647178634103
2019,New Mexico,DEMOCRAT,0.48255647178634103
2020,New Mexico,DEMOCRAT,0.5428928584957222
1976,New York,DEMOCRAT,0.4865083285569763
1977,New York,DEMOCRAT,0.4865083285569763
1978,New York,DEMOCRAT,0.4865083285569763
1979,New York,DEMOCRAT,0.4865083285569763
1980,New York,DEMOCRAT,0.4399209991552669
1981,New York,DEMOCRAT,0.4399209991552669
1982,New York,DEMOCRAT,0.4399209991552669
1983,New York,DEMOCRAT,0.4399209991552669
1984,New York,REPUBLICAN,0.49605013214707033
1985,New York,REPUBLICAN,0.49605013214707033
1986,New York,REPUBLICAN,0.49605013214707033
1987,New York,REPUBLICAN,0.49605013214707033
1988,New York,DEMOCRAT,0.5019497561012464
1989,New York,DEMOCRAT,0.5019497561012464
1990,New York,DEMOCRAT,0.5019497561012464
1991,New York,DEMOCRAT,0.5019497561012464
1992,New York,DEMOCRAT,0.4727630691275797
1993,New York,DEMOCRAT,0.4727630691275797
1994,New York,DEMOCRAT,0.4727630691275797
1995,New York,DEMOCRAT,0.4727630691275797
1996,New York,DEMOCRAT,0.5667893903041855
1997,New York,DEMOCRAT,0.5667893903041855
1998,New York,DEMOCRAT,0.5667893903041855
1999,New York,DEMOCRAT,0.5667893903041855
2000,New York,DEMOCRAT,0.566392704823055
2001,New York,DEMOCRAT,0.566392704823055
2002,New York,DEMOCRAT,0.566392704823055
2003,New York,DEMOCRAT,0.566392704823055
2004,New York,DEMOCRAT,0.5613058126549186
2005,New York,DEMOCRAT,0.5613058126549186
2006,New York,DEMOCRAT,0.5613058126549186
2007,New York,DEMOCRAT,0.5613058126549186
2008,New York,DEMOCRAT,0.6015696154075767
2009,New York,DEMOCRAT,0.6015696154075767
2010,New York,DEMOCRAT,0.6015696154075767
2011,New York,DEMOCRAT,0.6015696154075767
2012,New York,DEMOCRAT,0.6076098417487449
2013,New York,DEMOCRAT,0.6076098417487449
2014,New York,DEMOCRAT,0.6076098417487449
2015,New York,DEMOCRAT,0.6076098417487449
2016,New York,DEMOCRAT,0.5613614259984896
2017,New York,DEMOCRAT,0.5613614259984896
2018,New York,DEMOCRAT,0.5613614259984896
2019,New York,DEMOCRAT,0.5613614259984896
2020,New York,DEMOCRAT,0.603918845358349
1976,North Carolina,DEMOCRAT,0.5526918671248569
1977,North Carolina,DEMOCRAT,0.5526918671248569
1978,North Carolina,DEMOCRAT,0.5526918671248569
1979,North Carolina,DEMOCRAT,0.5526918671248569
1980,North Carolina,REPUBLICAN,0.49304975178262267
1981,North Carolina,REPUBLICAN,0.49304975178262267
1982,North Carolina,REPUBLICAN,0.49304975178262267
1983,North Carolina,REPUBLICAN,0.49304975178262267
1984,North Carolina,REPUBLICAN,0.6189689895148437
1985,North Carolina,REPUBLICAN,0.6189689895148437
1986,North Carolina,REPUBLICAN,0.6189689895148437
1987,North Carolina,REPUBLICAN,0.6189689895148437
1988,North Carolina,REPUBLICAN,0.5796829977932598
1989,North Carolina,REPUBLICAN,0.5796829977932598
1990,North Carolina,REPUBLICAN,0.5796829977932598
1991,North Carolina,REPUBLICAN,0.5796829977932598
1992,North Carolina,REPUBLICAN,0.43442808737102057
1993,North Carolina,REPUBLICAN,0.43442808737102057
1994,North Carolina,REPUBLICAN,0.43442808737102057
1995,North Carolina,REPUBLICAN,0.43442808737102057
1996,North Carolina,REPUBLICAN,0.4872941366328975
1997,North Carolina,REPUBLICAN,0.4872941366328975
1998,North Carolina,REPUBLICAN,0.4872941366328975
1999,North Carolina,REPUBLICAN,0.4872941366328975
2000,North Carolina,REPUBLICAN,0.559577562873286
2001,North Carolina,REPUBLICAN,0.559577562873286
2002,North Carolina,REPUBLICAN,0.559577562873286
2003,North Carolina,REPUBLICAN,0.559577562873286
2004,North Carolina,REPUBLICAN,0.5601719733779452
2005,North Carolina,REPUBLICAN,0.5601719733779452
2006,North Carolina,REPUBLICAN,0.5601719733779452
2007,North Carolina,REPUBLICAN,0.5601719733779452
2008,North Carolina,DEMOCRAT,0.49703666399047425
2009,North Carolina,DEMOCRAT,0.49703666399047425
2010,North Carolina,DEMOCRAT,0.49703666399047425
2011,North Carolina,DEMOCRAT,0.49703666399047425
2012,North Carolina,REPUBLICAN,0.5039306410214295
2013,North Carolina,REPUBLICAN,0.5039306410214295
2014,North Carolina,REPUBLICAN,0.5039306410214295
2015,North Carolina,REPUBLICAN,0.5039306410214295
2016,North Carolina,REPUBLICAN,0.49828094696180414
2017,North Carolina,REPUBLICAN,0.49828094696180414
2018,North Carolina,REPUBLICAN,0.49828094696180414
2019,North Carolina,REPUBLICAN,0.49828094696180414
2020,North Carolina,REPUBLICAN,0.4993433248829551
1976,North Dakota,REPUBLICAN,0.5169184818437446
1977,North Dakota,REPUBLICAN,0.5169184818437446
1978,North Dakota,REPUBLICAN,0.5169184818437446
1979,North Dakota,REPUBLICAN,0.5169184818437446
1980,North Dakota,REPUBLICAN,0.6432570836488264
1981,North Dakota,REPUBLICAN,0.6432570836488264
1982,North Dakota,REPUBLICAN,0.6432570836488264
1983,North Dakota,REPUBLICAN,0.6432570836488264
1984,North Dakota,REPUBLICAN,0.6483974224118121
1985,North Dakota,REPUBLICAN,0.6483974224118121
1986,North Dakota,REPUBLICAN,0.6483974224118121
1987,North Dakota,REPUBLICAN,0.6483974224118121
1988,North Dakota,REPUBLICAN,0.5603123181312045
1989,North Dakota,REPUBLICAN,0.5603123181312045
1990,North Dakota,REPUBLICAN,0.5603123181312045
1991,North Dakota,REPUBLICAN,0.5603123181312045
1992,North Dakota,REPUBLICAN,0.442159716745691
1993,North Dakota,REPUBLICAN,0.442159716745691
1994,North Dakota,REPUBLICAN,0.442159716745691
1995,North Dakota,REPUBLICAN,0.442159716745691
1996,North Dakota,REPUBLICAN,0.46938752528987165
1997,North Dakota,REPUBLICAN,0.46938752528987165
1998,North Dakota,REPUBLICAN,0.46938752528987165
1999,North Dakota,REPUBLICAN,0.46938752528987165
2000,North Dakota,REPUBLICAN,0.6065858126110124
2001,North Dakota,REPUBLICAN,0.6065858126110124
2002,North Dakota,REPUBLICAN,0.6065858126110124
2003,North Dakota,REPUBLICAN,0.6065858126110124
2004,North Dakota,REPUBLICAN,0.6286133496146507
2005,North Dakota,REPUBLICAN,0.6286133496146507
2006,North Dakota,REPUBLICAN,0.6286133496146507
2007,North Dakota,REPUBLICAN,0.6286133496146507
2008,North Dakota,REPUBLICAN,0.5325010027761898
2009,North Dakota,REPUBLICAN,0.5325010027761898
2010,North Dakota,REPUBLICAN,0.5325010027761898
2011,North Dakota,REPUBLICAN,0.5325010027761898
2012,North Dakota,REPUBLICAN,0.5831568255855722
2013,North Dakota,REPUBLICAN,0.5831568255855722
2014,North Dakota,REPUBLICAN,0.5831568255855722
2015,North Dakota,REPUBLICAN,0.5831568255855722
2016,North Dakota,REPUBLICAN,0.629556278313393
2017,North Dakota,REPUBLICAN,0.629556278313393
2018,North Dakota,REPUBLICAN,0.629556278313393
2019,North Dakota,REPUBLICAN,0.629556278313393
2020,North Dakota,REPUBLICAN,0.6511404873707572
1976,Ohio,DEMOCRAT,0.4889868666639419
1977,Ohio,DEMOCRAT,0.4889868666639419
1978,Ohio,DEMOCRAT,0.4889868666639419
1979,Ohio,DEMOCRAT,0.4889868666639419
1980,Ohio,REPUBLICAN,0.5151142624561613
1981,Ohio,REPUBLICAN,0.5151142624561613
1982,Ohio,REPUBLICAN,0.5151142624561613
1983,Ohio,REPUBLICAN,0.5151142624561613
1984,Ohio,REPUBLICAN,0.5869868634861014
1985,Ohio,REPUBLICAN,0.5869868634861014
1986,Ohio,REPUBLICAN,0.5869868634861014
1987,Ohio,REPUBLICAN,0.5869868634861014
1988,Ohio,REPUBLICAN,0.5500175824525985
1989,Ohio,REPUBLICAN,0.5500175824525985
1990,Ohio,REPUBLICAN,0.5500175824525985
1991,Ohio,REPUBLICAN,0.5500175824525985
1992,Ohio,DEMOCRAT,0.4018128056321024
1993,Ohio,DEMOCRAT,0.4018128056321024
1994,Ohio,DEMOCRAT,0.4018128056321024
1995,Ohio,DEMOCRAT,0.4018128056321024
1996,Ohio,DEMOCRAT,0.4737574744720069
1997,Ohio,DEMOCRAT,0.4737574744720069
1998,Ohio,DEMOCRAT,0.4737574744720069
1999,Ohio,DEMOCRAT,0.4737574744720069
2000,Ohio,REPUBLICAN,0.4998647383516539
2001,Ohio,REPUBLICAN,0.4998647383516539
2002,Ohio,REPUBLICAN,0.4998647383516539
2003,Ohio,REPUBLICAN,0.4998647383516539
2004,Ohio,REPUBLICAN,0.508140243355296
2005,Ohio,REPUBLICAN,0.508140243355296
2006,Ohio,REPUBLICAN,0.508140243355296
2007,Ohio,REPUBLICAN,0.508140243355296
2008,Ohio,DEMOCRAT,0.5150427006052537
2009,Ohio,DEMOCRAT,0.5150427006052537
2010,Ohio,DEMOCRAT,0.5150427006052537
2011,Ohio,DEMOCRAT,0.5150427006052537
2012,Ohio,DEMOCRAT,0.5066674765831987
2013,Ohio,DEMOCRAT,0.5066674765831987
2014,Ohio,DEMOCRAT,0.5066674765831987
2015,Ohio,DEMOCRAT,0.5066674765831987
2016,Ohio,REPUBLICAN,0.5168765067578619
2017,Ohio,REPUBLICAN,0.5168765067578619
2018,Ohio,REPUBLICAN,0.5168765067578619
2019,Ohio,REPUBLICAN,0.5168765067578619
2020,Ohio,REPUBLICAN,0.5327130010087464
1976,Oklahoma,REPUBLICAN,0.4996177618514426
1977,Oklahoma,REPUBLICAN,0.4996177618514426
1978,Oklahoma,REPUBLICAN,0.4996177618514426
1979,Oklahoma,REPUBLICAN,0.4996177618514426
1980,Oklahoma,REPUBLICAN,0.6049970949145348
1981,Oklahoma,REPUBLICAN,0.6049970949145348
1982,Oklahoma,REPUBLICAN,0.6049970949145348
1983,Oklahoma,REPUBLICAN,0.6049970949145348
1984,Oklahoma,REPUBLICAN,0.6861085184394701
1985,Oklahoma,REPUBLICAN,0.6861085184394701
1986,Oklahoma,REPUBLICAN,0.6861085184394701
1987,Oklahoma,REPUBLICAN,0.6861085184394701
1988,Oklahoma,REPUBLICAN,0.5792879125833877
1989,Oklahoma,REPUBLICAN,0.5792879125833877
1990,Oklahoma,REPUBLICAN,0.5792879125833877
1991,Oklahoma,REPUBLICAN,0.5792879125833877
1992,Oklahoma,REPUBLICAN,0.4264574832830945
1993,Oklahoma,REPUBLICAN,0.4264574832830945
1994,Oklahoma,REPUBLICAN,0.4264574832830945
1995,Oklahoma,REPUBLICAN,0.4264574832830945
1996,Oklahoma,REPUBLICAN,0.48256296236139
1997,Oklahoma,REPUBLICAN,0.48256296236139
1998,Oklahoma,REPUBLICAN,0.48256296236139
1999,Oklahoma,REPUBLICAN,0.48256296236139
2000,Oklahoma,REPUBLICAN,0.603078521084823
2001,Oklahoma,REPUBLICAN,0.603078521084823
2002,Oklahoma,REPUBLICAN,0.603078521084823
2003,Oklahoma,REPUBLICAN,0.603078521084823
2004,Oklahoma,REPUBLICAN,0.6557040166475606
2005,Oklahoma,REPUBLICAN,0.6557040166475606
2006,Oklahoma,REPUBLICAN,0.6557040166475606
2007,Oklahoma,REPUBLICAN,0.6557040166475606
2008,Oklahoma,REPUBLICAN,0.656450811226935
2009,Oklahoma,REPUBLICAN,0.656450811226935
2010,Oklahoma,REPUBLICAN,0.656450811226935
2011,Oklahoma,REPUBLICAN,0.656450811226935
2012,Oklahoma,REPUBLICAN,0.6677231974301656
2013,Oklahoma,REPUBLICAN,0.6677231974301656
2014,Oklahoma,REPUBLICAN,0.6677231974301656
2015,Oklahoma,REPUBLICAN,0.6677231974301656
2016,Oklahoma,REPUBLICAN,0.6532286481962736
2017,Oklahoma,REPUBLICAN,0.6532286481962736
2018,Oklahoma,REPUBLICAN,0.6532286481962736
2019,Oklahoma,REPUBLICAN,0.6532286481962736
2020,Oklahoma,REPUBLICAN,0.6537327184806295
1976,Oregon,REPUBLICAN,0.4778439346096035
1977,Oregon,REPUBLICAN,0.4778439346096035
1978,Oregon,REPUBLICAN,0.4778439346096035
1979,Oregon,REPUBLICAN,0.4778439346096035
1980,Oregon,REPUBLICAN,0.48331465676300617
1981,Oregon,REPUBLICAN,0.48331465676300617
1982,Oregon,REPUBLICAN,0.48331465676300617
1983,Oregon,REPUBLICAN,0.48331465676300617
1984,Oregon,REPUBLICAN,0.559058218856984
1985,Oregon,REPUBLICAN,0.559058218856984
1986,Oregon,REPUBLICAN,0.559058218856984
1987,Oregon,REPUBLICAN,0.559058218856984
1988,Oregon,DEMOCRAT,0.5127811239799815
1989,Oregon,DEMOCRAT,0.5127811239799815
1990,Oregon,DEMOCRAT,0.5127811239799815
1991,Oregon,DEMOCRAT,0.5127811239799815
1992,Oregon,DEMOCRAT,0.42478855058958337
1993,Oregon,DEMOCRAT,0.42478855058958337
1994,Oregon,DEMOCRAT,0.42478855058958337
1995,Oregon,DEMOCRAT,0.42478855058958337
1996,Oregon,DEMOCRAT,0.4715197131575891
1997,Oregon,DEMOCRAT,0.4715197131575891
1998,Oregon,DEMOCRAT,0.4715197131575891
1999,Oregon,DEMOCRAT,0.4715197131575891
2000,Oregon,DEMOCRAT,0.46959940024120733
2001,Oregon,DEMOCRAT,0.46959940024120733
2002,Oregon,DEMOCRAT,0.46959940024120733
2003,Oregon,DEMOCRAT,0.46959940024120733
2004,Oregon,DEMOCRAT,0.5134866304221187
2005,Oregon,DEMOCRAT,0.5134866304221187
2006,Oregon,DEMOCRAT,0.5134866304221187
2007,Oregon,DEMOCRAT,0.5134866304221187
2008,Oregon,DEMOCRAT,0.5674880625692065
2009,Oregon,DEMOCRAT,0.5674880625692065
2010,Oregon,DEMOCRAT,0.5674880625692065
2011,Oregon,DEMOCRAT,0.5674880625692065
2012,Oregon,DEMOCRAT,0.54239326652769
2013,Oregon,DEMOCRAT,0.54239326652769
2014,Oregon,DEMOCRAT,0.54239326652769
2015,Oregon,DEMOCRAT,0.54239326652769
2016,Oregon,DEMOCRAT,0.5007185200286208
2017,Oregon,DEMOCRAT,0.5007185200286208
2018,Oregon,DEMOCRAT,0.5007185200286208
2019,Oregon,DEMOCRAT,0.5007185200286208
2020,Oregon,DEMOCRAT,0.5645331865404888
1976,Pennsylvania,DEMOCRAT,0.5039567935072532
1977,Pennsylvania,DEMOCRAT,0.5039567935072532
1978,Pennsylvania,DEMOCRAT,0.5039567935072532
1979,Pennsylvania,DEMOCRAT,0.5039567935072532
1980,Pennsylvania,REPUBLICAN,0.49586134037896734
1981,Pennsylvania,REPUBLICAN,0.49586134037896734
1982,Pennsylvania,REPUBLICAN,0.49586134037896734
1983,Pennsylvania,REPUBLICAN,0.49586134037896734
1984,Pennsylvania,REPUBLICAN,0.5334106792230928
1985,Pennsylvania,REPUBLICAN,0.5334106792230928
1986,Pennsylvania,REPUBLICAN,0.5334106792230928
1987,Pennsylvania,REPUBLICAN,0.5334106792230928
1988,Pennsylvania,REPUBLICAN,0.5070457961872039
1989,Pennsylvania,REPUBLICAN,0.5070457961872039
1990,Pennsylvania,REPUBLICAN,0.5070457961872039
1991,Pennsylvania,REPUBLICAN,0.5070457961872039
1992,Pennsylvania,DEMOCRAT,0.45146164873251193
1993,Pennsylvania,DEMOCRAT,0.45146164873251193
1994,Pennsylvania,DEMOCRAT,0.45146164873251193
1995,Pennsylvania,DEMOCRAT,0.45146164873251193
1996,Pennsylvania,DEMOCRAT,0.492261247677619
1997,Pennsylvania,DEMOCRAT,0.492261247677619
1998,Pennsylvania,DEMOCRAT,0.492261247677619
1999,Pennsylvania,DEMOCRAT,0.492261247677619
2000,Pennsylvania,DEMOCRAT,0.5060817131276611
2001,Pennsylvania,DEMOCRAT,0.5060817131276611
2002,Pennsylvania,DEMOCRAT,0.5060817131276611
2003,Pennsylvania,DEMOCRAT,0.5060817131276611
2004,Pennsylvania,DEMOCRAT,0.5092380914415062
2005,Pennsylvania,DEMOCRAT,0.5092380914415062
2006,Pennsylvania,DEMOCRAT,0.5092380914415062
2007,Pennsylvania,DEMOCRAT,0.5092380914415062
2008,Pennsylvania,DEMOCRAT,0.5448552801203738
2009,Pennsylvania,DEMOCRAT,0.5448552801203738
2010,Pennsylvania,DEMOCRAT,0.5448552801203738
2011,Pennsylvania,DEMOCRAT,0.5448552801203738
2012,Pennsylvania,DEMOCRAT,0.520768577021407
2013,Pennsylvania,DEMOCRAT,0.520768577021407
2014,Pennsylvania,DEMOCRAT,0.520768577021407
2015,Pennsylvania,DEMOCRAT,0.520768577021407
2016,Pennsylvania,REPUBLICAN,0.4857788580374602
2017,Pennsylvania,REPUBLICAN,0.4857788580374602
2018,Pennsylvania,REPUBLICAN,0.4857788580374602
2019,Pennsylvania,REPUBLICAN,0.4857788580374602
2020,Pennsylvania,DEMOCRAT,0.5000849567544814
1976,Rhode Island,DEMOCRAT,0.5544200455935935
1977,Rhode Island,DEMOCRAT,0.5544200455935935
1978,Rhode Island,DEMOCRAT,0.5544200455935935
1979,Rhode Island,DEMOCRAT,0.5544200455935935
1980,Rhode Island,DEMOCRAT,0.4768214786269103
1981,Rhode Island,DEMOCRAT,0.4768214786269103
1982,Rhode Island,DEMOCRAT,0.4768214786269103
1983,Rhode Island,DEMOCRAT,0.4768214786269103
1984,Rhode Island,REPUBLICAN,0.5166520905554107
1985,Rhode Island,REPUBLICAN,0.5166520905554107
1986,Rhode Island,REPUBLICAN,0.5166520905554107
1987,Rhode Island,REPUBLICAN,0.5166520905554107
1988,Rhode Island,DEMOCRAT,0.5563785459021012
1989,Rhode Island,DEMOCRAT,0.5563785459021012
1990,Rhode Island,DEMOCRAT,0.5563785459021012
1991,Rhode Island,DEMOCRAT,0.5563785459021012
1992,Rhode Island,DEMOCRAT,0.4704796356136888
1993,Rhode Island,DEMOCRAT,0.4704796356136888
1994,Rhode Island,DEMOCRAT,0.4704796356136888
1995,Rhode Island,DEMOCRAT,0.4704796356136888
1996,Rhode Island,DEMOCRAT,0.5971858848370392
1997,Rhode Island,DEMOCRAT,0.5971858848370392
1998,Rhode Island,DEMOCRAT,0.5971858848370392
1999,Rhode Island,DEMOCRAT,0.5971858848370392
2000,Rhode Island,DEMOCRAT,0.6098770018967911
2001,Rhode Island,DEMOCRAT,0.6098770018967911
2002,Rhode Island,DEMOCRAT,0.6098770018967911
2003,Rhode Island,DEMOCRAT,0.6098770018967911
2004,Rhode Island,DEMOCRAT,0.5942342622628302
2005,Rhode Island,DEMOCRAT,0.5942342622628302
2006,Rhode Island,DEMOCRAT,0.5942342622628302
2007,Rhode Island,DEMOCRAT,0.5942342622628302
2008,Rhode Island,DEMOCRAT,0.6286400461245617
2009,Rhode Island,DEMOCRAT,0.6286400461245617
2010,Rhode Island,DEMOCRAT,0.6286400461245617
2011,Rhode Island,DEMOCRAT,0.6286400461245617
2012,Rhode Island,DEMOCRAT,0.627009588632639
2013,Rhode Island,DEMOCRAT,0.627009588632639
2014,Rhode Island,DEMOCRAT,0.627009588632639
2015,Rhode Island,DEMOCRAT,0.627009588632639
2016,Rhode Island,DEMOCRAT,0.5440660657037472
2017,Rhode Island,DEMOCRAT,0.5440660657037472
2018,Rhode Island,DEMOCRAT,0.5440660657037472
2019,Rhode Island,DEMOCRAT,0.5440660657037472
2020,Rhode Island,DEMOCRAT,0.5947619876593357
1976,South Carolina,DEMOCRAT,0.5616951766982355
1977,South Carolina,DEMOCRAT,0.5616951766982355
1978,South Carolina,DEMOCRAT,0.5616951766982355
1979,South Carolina,DEMOCRAT,0.5616951766982355
1980,South Carolina,REPUBLICAN,0.4945376230779796
1981,South Carolina,REPUBLICAN,0.4945376230779796
1982,South Carolina,REPUBLICAN,0.4945376230779796
1983,South Carolina,REPUBLICAN,0.4945376230779796
1984,South Carolina,REPUBLICAN,0.6355400819180427
1985,South Carolina,REPUBLICAN,0.6355400819180427
1986,South Carolina,REPUBLICAN,0.6355400819180427
1987,South Carolina,REPUBLICAN,0.6355400819180427
1988,South Carolina,REPUBLICAN,0.6150481385058352
1989,South Carolina,REPUBLICAN,0.6150481385058352
1990,South Carolina,REPUBLICAN,0.6150481385058352
1991,South Carolina,REPUBLICAN,0.6150481385058352
1992,South Carolina,REPUBLICAN,0.46993356725298474
1993,South Carolina,REPUBLICAN,0.46993356725298474
1994,South Carolina,REPUBLICAN,0.46993356725298474
1995,South Carolina,REPUBLICAN,0.46993356725298474
1996,South Carolina,REPUBLICAN,0.498476762807973
1997,South Carolina,REPUBLICAN,0.498476762807973
1998,South Carolina,REPUBLICAN,0.498476762807973
1999,South Carolina,REPUBLICAN,0.498476762807973
2000,South Carolina,REPUBLICAN,0.5686038462261056
2001,South Carolina,REPUBLICAN,0.5686038462261056
2002,South Carolina,REPUBLICAN,0.5686038462261056
2003,South Carolina,REPUBLICAN,0.5686038462261056
2004,South Carolina,REPUBLICAN,0.5798194968164678
2005,South Carolina,REPUBLICAN,0.5798194968164678
2006,South Carolina,REPUBLICAN,0.5798194968164678
2007,South Carolina,REPUBLICAN,0.5798194968164678
2008,South Carolina,REPUBLICAN,0.5387364397863786
2009,South Carolina,REPUBLICAN,0.5387364397863786
2010,South Carolina,REPUBLICAN,0.5387364397863786
2011,South Carolina,REPUBLICAN,0.5387364397863786
2012,South Carolina,REPUBLICAN,0.5456113125586141
2013,South Carolina,REPUBLICAN,0.5456113125586141
2014,South Carolina,REPUBLICAN,0.5456113125586141
2015,South Carolina,REPUBLICAN,0.5456113125586141
2016,South Carolina,REPUBLICAN,0.5493933268569543
2017,South Carolina,REPUBLICAN,0.5493933268569543
2018,South Carolina,REPUBLICAN,0.5493933268569543
2019,South Carolina,REPUBLICAN,0.5493933268569543
2020,South Carolina,REPUBLICAN,0.5509348091719648
1976,South Dakota,REPUBLICAN,0.5038779026067753
1977,South Dakota,REPUBLICAN,0.5038779026067753
1978,South Dakota,REPUBLICAN,0.5038779026067753
1979,South Dakota,REPUBLICAN,0.5038779026067753
1980,South Dakota,REPUBLICAN,0.605252316884496
1981,South Dakota,REPUBLICAN,0.605252316884496
1982,South Dakota,REPUBLICAN,0.605252316884496
1983,South Dakota,REPUBLICAN,0.605252316884496
1984,South Dakota,REPUBLICAN,0.6300339450147389
1985,South Dakota,REPUBLICAN,0.6300339450147389
1986,South Dakota,REPUBLICAN,0.6300339450147389
1987,South Dakota,REPUBLICAN,0.6300339450147389
1988,South Dakota,REPUBLICAN,0.5284976245323348
1989,South Dakota,REPUBLICAN,0.5284976245323348
1990,South Dakota,REPUBLICAN,0.5284976245323348
1991,South Dakota,REPUBLICAN,0.5284976245323348
1992,South Dakota,REPUBLICAN,0.4065914457523182
1993,South Dakota,REPUBLICAN,0.4065914457523182
1994,South Dakota,REPUBLICAN,0.4065914457523182
1995,South Dakota,REPUBLICAN,0.4065914457523182
1996,South Dakota,REPUBLICAN,0.46488855125900946
1997,South Dakota,REPUBLICAN,0.46488855125900946
1998,South Dakota,REPUBLICAN,0.46488855125900946
1999,South Dakota,REPUBLICAN,0.46488855125900946
2000,South Dakota,REPUBLICAN,0.6029677268401266
2001,South Dakota,REPUBLICAN,0.6029677268401266
2002,South Dakota,REPUBLICAN,0.6029677268401266
2003,South Dakota,REPUBLICAN,0.6029677268401266
2004,South Dakota,REPUBLICAN,0.5991113171824891
2005,South Dakota,REPUBLICAN,0.5991113171824891
2006,South Dakota,REPUBLICAN,0.5991113171824891
2007,South Dakota,REPUBLICAN,0.5991113171824891
2008,South Dakota,REPUBLICAN,0.5315897637279927
2009,South Dakota,REPUBLICAN,0.5315897637279927
2010,South Dakota,REPUBLICAN,0.5315897637279927
2011,South Dakota,REPUBLICAN,0.5315897637279927
2012,South Dakota,REPUBLICAN,0.5788931187554114
2013,South Dakota,REPUBLICAN,0.5788931187554114
2014,South Dakota,REPUBLICAN,0.5788931187554114
2015,South Dakota,REPUBLICAN,0.5788931187554114
2016,South Dakota,REPUBLICAN,0.615307503789588
2017,South Dakota,REPUBLICAN,0.615307503789588
2018,South Dakota,REPUBLICAN,0.615307503789588
2019,South Dakota,REPUBLICAN,0.615307503789588
2020,South Dakota,REPUBLICAN,0.6176938967225024
1976,Tennessee,DEMOCRAT,0.5594074830696869
1977,Tennessee,DEMOCRAT,0.5594074830696869
1978,Tennessee,DEMOCRAT,0.5594074830696869
1979,Tennessee,DEMOCRAT,0.5594074830696869
1980,Tennessee,REPUBLICAN,0.48698887745917446
1981,Tennessee,REPUBLICAN,0.48698887745917446
1982,Tennessee,REPUBLICAN,0.48698887745917446
1983,Tennessee,REPUBLICAN,0.48698887745917446
1984,Tennessee,REPUBLICAN,0.5783972247550078
1985,Tennessee,REPUBLICAN,0.5783972247550078
1986,Tennessee,REPUBLICAN,0.5783972247550078
1987,Tennessee,REPUBLICAN,0.5783972247550078
1988,Tennessee,REPUBLICAN,0.5789048128342246
1989,Tennessee,REPUBLICAN,0.5789048128342246
1990,Tennessee,REPUBLICAN,0.5789048128342246
1991,Tennessee,REPUBLICAN,0.5789048128342246
1992,Tennessee,DEMOCRAT,0.47084793088803906
1993,Tennessee,DEMOCRAT,0.47084793088803906
1994,Tennessee,DEMOCRAT,0.47084793088803906
1995,Tennessee,DEMOCRAT,0.47084793088803906
1996,Tennessee,DEMOCRAT,0.4799871179264085
1997,Tennessee,DEMOCRAT,0.4799871179264085
1998,Tennessee,DEMOCRAT,0.4799871179264085
1999,Tennessee,DEMOCRAT,0.4799871179264085
2000,Tennessee,REPUBLICAN,0.5114915318076796
2001,Tennessee,REPUBLICAN,0.5114915318076796
2002,Tennessee,REPUBLICAN,0.5114915318076796
2003,Tennessee,REPUBLICAN,0.5114915318076796
2004,Tennessee,REPUBLICAN,0.5679908949136325
2005,Tennessee,REPUBLICAN,0.5679908949136325
2006,Tennessee,REPUBLICAN,0.5679908949136325
2007,Tennessee,REPUBLICAN,0.5679908949136325
2008,Tennessee,REPUBLICAN,0.5689695428289423
2009,Tennessee,REPUBLICAN,0.5689695428289423
2010,Tennessee,REPUBLICAN,0.5689695428289423
2011,Tennessee,REPUBLICAN,0.5689695428289423
2012,Tennessee,REPUBLICAN,0.5947871471993759
2013,Tennessee,REPUBLICAN,0.5947871471993759
2014,Tennessee,REPUBLICAN,0.5947871471993759
2015,Tennessee,REPUBLICAN,0.5947871471993759
2016,Tennessee,REPUBLICAN,0.6072203369421462
2017,Tennessee,REPUBLICAN,0.6072203369421462
2018,Tennessee,REPUBLICAN,0.6072203369421462
2019,Tennessee,REPUBLICAN,0.6072203369421462
2020,Tennessee,REPUBLICAN,0.6066029416628381
1976,Texas,DEMOCRAT,0.511389568072175
1977,Texas,DEMOCRAT,0.511389568072175
1978,Texas,DEMOCRAT,0.511389568072175
1979,Texas,DEMOCRAT,0.511389568072175
1980,Texas,REPUBLICAN,0.5528195126161586
1981,Texas,REPUBLICAN,0.5528195126161586
1982,Texas,REPUBLICAN,0.5528195126161586
1983,Texas,REPUBLICAN,0.5528195126161586
1984,Texas,REPUBLICAN,0.636106129961051
1985,Texas,REPUBLICAN,0.636106129961051
1986,Texas,REPUBLICAN,0.636106129961051
1987,Texas,REPUBLICAN,0.636106129961051
1988,Texas,REPUBLICAN,0.559535579585843
1989,Texas,REPUBLICAN,0.559535579585843
1990,Texas,REPUBLICAN,0.559535579585843
1991,Texas,REPUBLICAN,0.559535579585843
1992,Texas,REPUBLICAN,0.40560021111410466
1993,Texas,REPUBLICAN,0.40560021111410466
1994,Texas,REPUBLICAN,0.40560021111410466
1995,Texas,REPUBLICAN,0.40560021111410466
1996,Texas,REPUBLICAN,0.48758741645050896
1997,Texas,REPUBLICAN,0.48758741645050896
1998,Texas,REPUBLICAN,0.48758741645050896
1999,Texas,REPUBLICAN,0.48758741645050896
2000,Texas,REPUBLICAN,0.5929859946810345
2001,Texas,REPUBLICAN,0.5929859946810345
2002,Texas,REPUBLICAN,0.5929859946810345
2003,Texas,REPUBLICAN,0.5929859946810345
2004,Texas,REPUBLICAN,0.6108582276906154
2005,Texas,REPUBLICAN,0.6108582276906154
2006,Texas,REPUBLICAN,0.6108582276906154
2007,Texas,REPUBLICAN,0.6108582276906154
2008,Texas,REPUBLICAN,0.5545236045232641
2009,Texas,REPUBLICAN,0.5545236045232641
2010,Texas,REPUBLICAN,0.5545236045232641
2011,Texas,REPUBLICAN,0.5545236045232641
2012,Texas,REPUBLICAN,0.5716697746805639
2013,Texas,REPUBLICAN,0.5716697746805639
2014,Texas,REPUBLICAN,0.5716697746805639
2015,Texas,REPUBLICAN,0.5716697746805639
2016,Texas,REPUBLICAN,0.5223468557933538
2017,Texas,REPUBLICAN,0.5223468557933538
2018,Texas,REPUBLICAN,0.5223468557933538
2019,Texas,REPUBLICAN,0.5223468557933538
2020,Texas,REPUBLICAN,0.5205760360355265
1976,Utah,REPUBLICAN,0.6243473055219892
1977,Utah,REPUBLICAN,0.6243473055219892
1978,Utah,REPUBLICAN,0.6243473055219892
1979,Utah,REPUBLICAN,0.6243473055219892
1980,Utah,REPUBLICAN,0.7277754604801441
1981,Utah,REPUBLICAN,0.7277754604801441
1982,Utah,REPUBLICAN,0.7277754604801441
1983,Utah,REPUBLICAN,0.7277754604801441
1984,Utah,REPUBLICAN,0.7450179145438144
1985,Utah,REPUBLICAN,0.7450179145438144
1986,Utah,REPUBLICAN,0.7450179145438144
1987,Utah,REPUBLICAN,0.7450179145438144
1988,Utah,REPUBLICAN,0.6621896483505614
1989,Utah,REPUBLICAN,0.6621896483505614
1990,Utah,REPUBLICAN,0.6621896483505614
1991,Utah,REPUBLICAN,0.6621896483505614
1992,Utah,REPUBLICAN,0.4336463270062554
1993,Utah,REPUBLICAN,0.4336463270062554
1994,Utah,REPUBLICAN,0.4336463270062554
1995,Utah,REPUBLICAN,0.4336463270062554
1996,Utah,REPUBLICAN,0.54371278895601
1997,Utah,REPUBLICAN,0.54371278895601
1998,Utah,REPUBLICAN,0.54371278895601
1999,Utah,REPUBLICAN,0.54371278895601
2000,Utah,REPUBLICAN,0.6683014295092857
2001,Utah,REPUBLICAN,0.6683014295092857
2002,Utah,REPUBLICAN,0.6683014295092857
2003,Utah,REPUBLICAN,0.6683014295092857
2004,Utah,REPUBLICAN,0.7153594785330293
2005,Utah,REPUBLICAN,0.7153594785330293
2006,Utah,REPUBLICAN,0.7153594785330293
2007,Utah,REPUBLICAN,0.7153594785330293
2008,Utah,REPUBLICAN,0.6258386971450172
2009,Utah,REPUBLICAN,0.6258386971450172
2010,Utah,REPUBLICAN,0.6258386971450172
2011,Utah,REPUBLICAN,0.6258386971450172
2012,Utah,REPUBLICAN,0.727905331026891
2013,Utah,REPUBLICAN,0.727905331026891
2014,Utah,REPUBLICAN,0.727905331026891
2015,Utah,REPUBLICAN,0.727905331026891
2016,Utah,REPUBLICAN,0.4554081658810042
2017,Utah,REPUBLICAN,0.4554081658810042
2018,Utah,REPUBLICAN,0.4554081658810042
2019,Utah,REPUBLICAN,0.4554081658810042
2020,Utah,REPUBLICAN,0.5812983902991959
1976,Vermont,REPUBLICAN,0.5458722580504834
1977,Vermont,REPUBLICAN,0.5458722580504834
1978,Vermont,REPUBLICAN,0.5458722580504834
1979,Vermont,REPUBLICAN,0.5458722580504834
1980,Vermont,REPUBLICAN,0.4436401483363729
1981,Vermont,REPUBLICAN,0.4436401483363729
1982,Vermont,REPUBLICAN,0.4436401483363729
1983,Vermont,REPUBLICAN,0.4436401483363729
1984,Vermont,REPUBLICAN,0.579230988953833
1985,Vermont,REPUBLICAN,0.579230988953833
1986,Vermont,REPUBLICAN,0.579230988953833
1987,Vermont,REPUBLICAN,0.579230988953833
1988,Vermont,REPUBLICAN,0.510960514203051
1989,Vermont,REPUBLICAN,0.510960514203051
1990,Vermont,REPUBLICAN,0.510960514203051
1991,Vermont,REPUBLICAN,0.510960514203051
1992,Vermont,DEMOCRAT,0.46113751764750555
1993,Vermont,DEMOCRAT,0.46113751764750555
1994,Vermont,DEMOCRAT,0.46113751764750555
1995,Vermont,DEMOCRAT,0.46113751764750555
1996,Vermont,DEMOCRAT,0.5335443356329489
1997,Vermont,DEMOCRAT,0.5335443356329489
1998,Vermont,DEMOCRAT,0.5335443356329489
1999,Vermont,DEMOCRAT,0.5335443356329489
2000,Vermont,DEMOCRAT,0.5063470921619528
2001,Vermont,DEMOCRAT,0.5063470921619528
2002,Vermont,DEMOCRAT,0.5063470921619528
2003,Vermont,DEMOCRAT,0.5063470921619528
2004,Vermont,DEMOCRAT,0.5893746257712714
2005,Vermont,DEMOCRAT,0.5893746257712714
2006,Vermont,DEMOCRAT,0.5893746257712714
2007,Vermont,DEMOCRAT,0.5893746257712714
2008,Vermont,DEMOCRAT,0.6745568319560924
2009,Vermont,DEMOCRAT,0.6745568319560924
2010,Vermont,DEMOCRAT,0.6745568319560924
2011,Vermont,DEMOCRAT,0.6745568319560924
2012,Vermont,DEMOCRAT,0.665705503023823
2013,Vermont,DEMOCRAT,0.665705503023823
2014,Vermont,DEMOCRAT,0.665705503023823
2015,Vermont,DEMOCRAT,0.665705503023823
2016,Vermont,DEMOCRAT,0.5572274212321393
2017,Vermont,DEMOCRAT,0.5572274212321393
2018,Vermont,DEMOCRAT,0.5572274212321393
2019,Vermont,DEMOCRAT,0.5572274212321393
2020,Vermont,DEMOCRAT,0.6545578055250049
1976,Virginia,REPUBLICAN,0.4929332140706408
1977,Virginia,REPUBLICAN,0.4929332140706408
1978,Virginia,REPUBLICAN,0.4929332140706408
1979,Virginia,REPUBLICAN,0.4929332140706408
1980,Virginia,REPUBLICAN,0.5303279900880585
1981,Virginia,REPUBLICAN,0.5303279900880585
1982,Virginia,REPUBLICAN,0.5303279900880585
1983,Virginia,REPUBLICAN,0.5303279900880585
1984,Virginia,REPUBLICAN,0.622871610683698
1985,Virginia,REPUBLICAN,0.622871610683698
1986,Virginia,REPUBLICAN,0.622871610683698
1987,Virginia,REPUBLICAN,0.622871610683698
1988,Virginia,REPUBLICAN,0.5973519911626572
1989,Virginia,REPUBLICAN,0.5973519911626572
1990,Virginia,REPUBLICAN,0.5973519911626572
1991,Virginia,REPUBLICAN,0.5973519911626572
1992,Virginia,REPUBLICAN,0.4495736635394308
1993,Virginia,REPUBLICAN,0.4495736635394308
1994,Virginia,REPUBLICAN,0.4495736635394308
1995,Virginia,REPUBLICAN,0.4495736635394308
1996,Virginia,REPUBLICAN,0.471046187230049
1997,Virginia,REPUBLICAN,0.471046187230049
1998,Virginia,REPUBLICAN,0.471046187230049
1999,Virginia,REPUBLICAN,0.471046187230049
2000,Virginia,REPUBLICAN,0.5247372918694905
2001,Virginia,REPUBLICAN,0.5247372918694905
2002,Virginia,REPUBLICAN,0.5247372918694905
2003,Virginia,REPUBLICAN,0.5247372918694905
2004,Virginia,REPUBLICAN,0.5373195656902156
2005,Virginia,REPUBLICAN,0.5373195656902156
2006,Virginia,REPUBLICAN,0.5373195656902156
2007,Virginia,REPUBLICAN,0.5373195656902156
2008,Virginia,DEMOCRAT,0.5262946987317566
2009,Virginia,DEMOCRAT,0.5262946987317566
2010,Virginia,DEMOCRAT,0.5262946987317566
2011,Virginia,DEMOCRAT,0.5262946987317566
2012,Virginia,DEMOCRAT,0.5115645679621864
2013,Virginia,DEMOCRAT,0.5115645679621864
2014,Virginia,DEMOCRAT,0.5115645679621864
2015,Virginia,DEMOCRAT,0.5115645679621864
2016,Virginia,DEMOCRAT,0.49751352833417695
2017,Virginia,DEMOCRAT,0.49751352833417695
2018,Virginia,DEMOCRAT,0.49751352833417695
2019,Virginia,DEMOCRAT,0.49751352833417695
2020,Virginia,DEMOCRAT,0.5410951717780242
1976,Washington,REPUBLICAN,0.49997749968821
1977,Washington,REPUBLICAN,0.49997749968821
1978,Washington,REPUBLICAN,0.49997749968821
1979,Washington,REPUBLICAN,0.49997749968821
1980,Washington,REPUBLICAN,0.4965834363525127
1981,Washington,REPUBLICAN,0.4965834363525127
1982,Washington,REPUBLICAN,0.4965834363525127
1983,Washington,REPUBLICAN,0.4965834363525127
1984,Washington,REPUBLICAN,0.5609175907110208
1985,Washington,REPUBLICAN,0.5609175907110208
1986,Washington,REPUBLICAN,0.5609175907110208
1987,Washington,REPUBLICAN,0.5609175907110208
1988,Washington,DEMOCRAT,0.5004768790078343
1989,Washington,DEMOCRAT,0.5004768790078343
1990,Washington,DEMOCRAT,0.5004768790078343
1991,Washington,DEMOCRAT,0.5004768790078343
1992,Washington,DEMOCRAT,0.43410220037463415
1993,Washington,DEMOCRAT,0.43410220037463415
1994,Washington,DEMOCRAT,0.43410220037463415
1995,Washington,DEMOCRAT,0.43410220037463415
1996,Washington,DEMOCRAT,0.49840472048333573
1997,Washington,DEMOCRAT,0.49840472048333573
1998,Washington,DEMOCRAT,0.49840472048333573
1999,Washington,DEMOCRAT,0.49840472048333573
2000,Washington,DEMOCRAT,0.5015821531675426
2001,Washington,DEMOCRAT,0.5015821531675426
2002,Washington,DEMOCRAT,0.5015821531675426
2003,Washington,DEMOCRAT,0.5015821531675426
2004,Washington,DEMOCRAT,0.5282114831183694
2005,Washington,DEMOCRAT,0.5282114831183694
2006,Washington,DEMOCRAT,0.5282114831183694
2007,Washington,DEMOCRAT,0.5282114831183694
2008,Washington,DEMOCRAT,0.5765289221364835
2009,Washington,DEMOCRAT,0.5765289221364835
2010,Washington,DEMOCRAT,0.5765289221364835
2011,Washington,DEMOCRAT,0.5765289221364835
2012,Washington,DEMOCRAT,0.5616339829967276
2013,Washington,DEMOCRAT,0.5616339829967276
2014,Washington,DEMOCRAT,0.5616339829967276
2015,Washington,DEMOCRAT,0.5616339829967276
2016,Washington,DEMOCRAT,0.5253868006182659
2017,Washington,DEMOCRAT,0.5253868006182659
2018,Washington,DEMOCRAT,0.5253868006182659
2019,Washington,DEMOCRAT,0.5253868006182659
2020,Washington,DEMOCRAT,0.5797030113530306
1976,West Virginia,DEMOCRAT,0.5806951864533234
1977,West Virginia,DEMOCRAT,0.5806951864533234
1978,West Virginia,DEMOCRAT,0.5806951864533234
1979,West Virginia,DEMOCRAT,0.5806951864533234
1980,West Virginia,DEMOCRAT,0.49810834807479853
1981,West Virginia,DEMOCRAT,0.49810834807479853
1982,West Virginia,DEMOCRAT,0.49810834807479853
1983,West Virginia,DEMOCRAT,0.49810834807479853
1984,West Virginia,REPUBLICAN,0.551121181066189
1985,West Virginia,REPUBLICAN,0.551121181066189
1986,West Virginia,REPUBLICAN,0.551121181066189
1987,West Virginia,REPUBLICAN,0.551121181066189
1988,West Virginia,DEMOCRAT,0.5219811085378939
1989,West Virginia,DEMOCRAT,0.5219811085378939
1990,West Virginia,DEMOCRAT,0.5219811085378939
1991,West Virginia,DEMOCRAT,0.5219811085378939
1992,West Virginia,DEMOCRAT,0.4841482161898089
1993,West Virginia,DEMOCRAT,0.4841482161898089
1994,West Virginia,DEMOCRAT,0.4841482161898089
1995,West Virginia,DEMOCRAT,0.4841482161898089
1996,West Virginia,DEMOCRAT,0.515055958042859
1997,West Virginia,DEMOCRAT,0.515055958042859
1998,West Virginia,DEMOCRAT,0.515055958042859
1999,West Virginia,DEMOCRAT,0.515055958042859
2000,West Virginia,REPUBLICAN,0.5191521992705099
2001,West Virginia,REPUBLICAN,0.5191521992705099
2002,West Virginia,REPUBLICAN,0.5191521992705099
2003,West Virginia,REPUBLICAN,0.5191521992705099
2004,West Virginia,REPUBLICAN,0.5607071786946674
2005,West Virginia,REPUBLICAN,0.5607071786946674
2006,West Virginia,REPUBLICAN,0.5607071786946674
2007,West Virginia,REPUBLICAN,0.5607071786946674
2008,West Virginia,REPUBLICAN,0.5571034310695478
2009,West Virginia,REPUBLICAN,0.5571034310695478
2010,West Virginia,REPUBLICAN,0.5571034310695478
2011,West Virginia,REPUBLICAN,0.5571034310695478
2012,West Virginia,REPUBLICAN,0.6229584241943327
2013,West Virginia,REPUBLICAN,0.6229584241943327
2014,West Virginia,REPUBLICAN,0.6229584241943327
2015,West Virginia,REPUBLICAN,0.6229584241943327
2016,West Virginia,REPUBLICAN,0.6863057481161936
2017,West Virginia,REPUBLICAN,0.6863057481161936
2018,West Virginia,REPUBLICAN,0.6863057481161936
2019,West Virginia,REPUBLICAN,0.6863057481161936
2020,West Virginia,REPUBLICAN,0.6863155192461606
1976,Wisconsin,DEMOCRAT,0.4950336357441171
1977,Wisconsin,DEMOCRAT,0.4950336357441171
1978,Wisconsin,DEMOCRAT,0.4950336357441171
1979,Wisconsin,DEMOCRAT,0.4950336357441171
1980,Wisconsin,REPUBLICAN,0.47898774470234085
1981,Wisconsin,REPUBLICAN,0.47898774470234085
1982,Wisconsin,REPUBLICAN,0.47898774470234085
1983,Wisconsin,REPUBLICAN,0.47898774470234085
1984,Wisconsin,REPUBLICAN,0.5419315283477921
1985,Wisconsin,REPUBLICAN,0.5419315283477921
1986,Wisconsin,REPUBLICAN,0.5419315283477921
1987,Wisconsin,REPUBLICAN,0.5419315283477921
1988,Wisconsin,DEMOCRAT,0.5141403024628491
1989,Wisconsin,DEMOCRAT,0.5141403024628491
1990,Wisconsin,DEMOCRAT,0.5141403024628491
1991,Wisconsin,DEMOCRAT,0.5141403024628491
1992,Wisconsin,DEMOCRAT,0.4113155574098482
1993,Wisconsin,DEMOCRAT,0.4113155574098482
1994,Wisconsin,DEMOCRAT,0.4113155574098482
1995,Wisconsin,DEMOCRAT,0.4113155574098482
1996,Wisconsin,DEMOCRAT,0.48810952162606797
1997,Wisconsin,DEMOCRAT,0.48810952162606797
1998,Wisconsin,DEMOCRAT,0.48810952162606797
1999,Wisconsin,DEMOCRAT,0.48810952162606797
2000,Wisconsin,DEMOCRAT,0.47832819660687437
2001,Wisconsin,DEMOCRAT,0.47832819660687437
2002,Wisconsin,DEMOCRAT,0.47832819660687437
2003,Wisconsin,DEMOCRAT,0.47832819660687437
2004,Wisconsin,DEMOCRAT,0.49699717084411216
2005,Wisconsin,DEMOCRAT,0.49699717084411216
2006,Wisconsin,DEMOCRAT,0.49699717084411216
2007,Wisconsin,DEMOCRAT,0.49699717084411216
2008,Wisconsin,DEMOCRAT,0.5621778651794235
2009,Wisconsin,DEMOCRAT,0.5621778651794235
2010,Wisconsin,DEMOCRAT,0.5621778651794235
2011,Wisconsin,DEMOCRAT,0.5621778651794235
2012,Wisconsin,DEMOCRAT,0.5277616253515459
2013,Wisconsin,DEMOCRAT,0.5277616253515459
2014,Wisconsin,DEMOCRAT,0.5277616253515459
2015,Wisconsin,DEMOCRAT,0.5277616253515459
2016,Wisconsin,REPUBLICAN,0.4721818456731012
2017,Wisconsin,REPUBLICAN,0.4721818456731012
2018,Wisconsin,REPUBLICAN,0.4721818456731012
2019,Wisconsin,REPUBLICAN,0.4721818456731012
2020,Wisconsin,DEMOCRAT,0.4944953686142774
1976,Wyoming,REPUBLICAN,0.5930358250769142
1977,Wyoming,REPUBLICAN,0.5930358250769142
1978,Wyoming,REPUBLICAN,0.5930358250769142
1979,Wyoming,REPUBLICAN,0.5930358250769142
1980,Wyoming,REPUBLICAN,0.6264394809663126
1981,Wyoming,REPUBLICAN,0.6264394809663126
1982,Wyoming,REPUBLICAN,0.6264394809663126
1983,Wyoming,REPUBLICAN,0.6264394809663126
1984,Wyoming,REPUBLICAN,0.7050982176876508
1985,Wyoming,REPUBLICAN,0.7050982176876508
1986,Wyoming,REPUBLICAN,0.7050982176876508
1987,Wyoming,REPUBLICAN,0.7050982176876508
1988,Wyoming,REPUBLICAN,0.6053038498790718
1989,Wyoming,REPUBLICAN,0.6053038498790718
1990,Wyoming,REPUBLICAN,0.6053038498790718
1991,Wyoming,REPUBLICAN,0.6053038498790718
1992,Wyoming,REPUBLICAN,0.3969652398391067
1993,Wyoming,REPUBLICAN,0.3969652398391067
1994,Wyoming,REPUBLICAN,0.3969652398391067
1995,Wyoming,REPUBLICAN,0.3969652398391067
1996,Wyoming,REPUBLICAN,0.4981211980848037
1997,Wyoming,REPUBLICAN,0.4981211980848037
1998,Wyoming,REPUBLICAN,0.4981211980848037
1999,Wyoming,REPUBLICAN,0.4981211980848037
2000,Wyoming,REPUBLICAN,0.6922274313841086
2001,Wyoming,REPUBLICAN,0.6922274313841086
2002,Wyoming,REPUBLICAN,0.6922274313841086
2003,Wyoming,REPUBLICAN,0.6922274313841086
2004,Wyoming,REPUBLICAN,0.6873956885274808
2005,Wyoming,REPUBLICAN,0.6873956885274808
2006,Wyoming,REPUBLICAN,0.6873956885274808
2007,Wyoming,REPUBLICAN,0.6873956885274808
2008,Wyoming,REPUBLICAN,0.6471377459749553
2009,Wyoming,REPUBLICAN,0.6471377459749553
2010,Wyoming,REPUBLICAN,0.6471377459749553
2011,Wyoming,REPUBLICAN,0.6471377459749553
2012,Wyoming,REPUBLICAN,0.6819358518713527
2013,Wyoming,REPUBLICAN,0.6819358518713527
2014,Wyoming,REPUBLICAN,0.6819358518713527
2015,Wyoming,REPUBLICAN,0.6819358518713527
2016,Wyoming,REPUBLICAN,0.6739841105460841
2017,Wyoming,REPUBLICAN,0.6739841105460841
2018,Wyoming,REPUBLICAN,0.6739841105460841
2019,Wyoming,REPUBLICAN,0.6739841105460841
2020,Wyoming,REPUBLICAN,0.6949978994840271
